,example,changed,quality of life,capacity and resources,political,security and defense,policy prescription and evaluation,fairness and equality,none,health and safety,"legality, constitutionality and jurisprudence",morality,economic,public opinion,cultural identity,external regulation and reputation,crime and punishment,uuid
0,./data/images/b3e24c7e-2d65-48d8-9ef7-10bc61b64053.jpg,True,False,False,False,False,False,False,False,False,False,False,False,True,False,False,False,b3e24c7e-2d65-48d8-9ef7-10bc61b64053
1,./data/images/6536778e-6197-43b3-840f-f05a2478c7e0.jpg,True,False,False,False,False,False,False,False,False,False,True,False,False,False,False,False,6536778e-6197-43b3-840f-f05a2478c7e0
2,./data/images/58e15587-c939-4657-8cef-0f27667d45d1.jpg,True,False,False,False,False,False,False,False,False,False,False,True,False,False,False,False,58e15587-c939-4657-8cef-0f27667d45d1
3,./data/images/e0b75fca-9925-4bea-8293-440c8afcee0a.jpg,True,False,False,False,False,False,False,False,False,False,False,True,False,False,False,False,e0b75fca-9925-4bea-8293-440c8afcee0a
4,./data/images/fc228953-68c5-4da9-9930-86aa823ef1bd.jpg,True,False,False,True,False,False,False,False,False,False,False,False,False,False,False,False,fc228953-68c5-4da9-9930-86aa823ef1bd
5,./data/images/d83096e6-8b95-4fa8-8b9c-d1b166f5a1fb.jpg,True,False,False,True,False,False,False,False,False,False,False,False,False,False,False,False,d83096e6-8b95-4fa8-8b9c-d1b166f5a1fb
6,./data/images/b6701c40-6a13-4e47-a277-b2b4c28cb02b.jpg,True,False,False,False,False,False,False,False,True,False,False,False,False,False,False,False,b6701c40-6a13-4e47-a277-b2b4c28cb02b
7,./data/images/b05d63c4-792a-47dd-9021-2f2914586a4c.jpg,True,False,False,False,False,False,False,False,False,False,False,False,False,True,False,False,b05d63c4-792a-47dd-9021-2f2914586a4c
8,./data/images/7709b229-0c0f-407c-b6ef-a5efdb5cbca9.jpg,True,False,False,False,False,False,False,False,False,False,False,False,False,True,False,False,7709b229-0c0f-407c-b6ef-a5efdb5cbca9
9,./data/images/3929eead-b3aa-4ac5-8647-46d86240bf3a.jpg,True,False,False,True,False,False,False,False,False,False,False,False,False,False,False,False,3929eead-b3aa-4ac5-8647-46d86240bf3a
10,./data/images/f4d73d03-159a-499e-8040-c6da3cf006ec.jpg,True,True,False,False,False,False,False,False,False,False,False,False,False,False,False,False,f4d73d03-159a-499e-8040-c6da3cf006ec
11,./data/images/7fefe077-6f25-4468-8628-a9935332d64f.jpg,True,False,False,False,False,False,False,False,False,False,False,False,False,True,False,False,7fefe077-6f25-4468-8628-a9935332d64f
12,./data/images/d2fbef46-25bf-4ddb-9c17-b98965a7b86f.jpg,True,False,False,False,False,False,False,False,True,False,False,False,False,False,False,False,d2fbef46-25bf-4ddb-9c17-b98965a7b86f
13,./data/images/122011db-8be7-4ac4-b4c7-a00e65984475.jpg,True,False,False,False,False,False,False,True,False,False,False,False,False,False,False,False,122011db-8be7-4ac4-b4c7-a00e65984475
14,./data/images/2438b4fe-f045-4bd9-8483-946325033548.jpg,True,False,False,True,False,False,False,False,False,False,False,False,False,False,False,False,2438b4fe-f045-4bd9-8483-946325033548
15,./data/images/ea6e3784-a9f0-4311-b5f7-1d86a7955e73.jpg,True,False,False,False,False,False,False,True,False,False,False,False,False,False,False,False,ea6e3784-a9f0-4311-b5f7-1d86a7955e73
16,./data/images/f5f99e73-51c6-4c7e-9adc-2b9dc9a7ceaa.jpg,True,False,False,False,False,False,False,False,False,True,False,False,False,False,False,False,f5f99e73-51c6-4c7e-9adc-2b9dc9a7ceaa
17,./data/images/e22aa0a2-ebec-4b60-92e9-1c8a51654b25.jpg,True,False,False,True,False,False,False,False,False,False,False,False,False,False,False,False,e22aa0a2-ebec-4b60-92e9-1c8a51654b25
18,./data/images/b1122f6e-f238-4758-8754-254ea0a40d5c.jpg,True,False,False,False,False,False,False,False,True,False,False,False,False,False,False,False,b1122f6e-f238-4758-8754-254ea0a40d5c
19,./data/images/eb2bd285-3c68-46a4-8cde-ba1f4a1c8167.jpg,True,False,False,False,False,False,False,True,False,False,False,False,False,False,False,False,eb2bd285-3c68-46a4-8cde-ba1f4a1c8167
20,./data/images/fd580e73-8163-40a9-a8f3-b54cc6ecca3e.jpg,True,False,False,True,False,False,False,False,False,False,False,False,False,False,False,False,fd580e73-8163-40a9-a8f3-b54cc6ecca3e
21,./data/images/9b9f0339-5824-47b9-9ad7-bc46dcd1f273.jpg,True,False,False,True,False,False,False,False,False,False,False,False,False,False,False,False,9b9f0339-5824-47b9-9ad7-bc46dcd1f273
22,./data/images/2259de42-57b8-4ef8-a5a1-a9f5422aa789.jpg,True,False,False,False,False,False,False,False,False,False,True,False,False,False,False,False,2259de42-57b8-4ef8-a5a1-a9f5422aa789
23,./data/images/f281c190-3675-4bc0-919f-66009078116f.jpg,True,False,False,False,False,False,False,True,False,False,False,False,False,False,False,False,f281c190-3675-4bc0-919f-66009078116f
24,./data/images/9c5fe5d5-f7a1-47c9-8baf-a46167d5a6b7.jpg,True,False,False,True,False,False,False,False,False,False,False,False,False,False,False,False,9c5fe5d5-f7a1-47c9-8baf-a46167d5a6b7
25,./data/images/cb302861-6cbc-4396-822e-9baee3c35ee6.jpg,True,True,False,False,False,False,False,False,False,False,False,False,False,False,False,False,cb302861-6cbc-4396-822e-9baee3c35ee6
26,./data/images/ce4cf2e6-3703-4e0e-a7ef-095ce08a43c6.jpg,True,False,False,True,False,False,False,False,False,False,False,False,False,False,False,False,ce4cf2e6-3703-4e0e-a7ef-095ce08a43c6
27,./data/images/4d393822-3ea4-4501-ba66-3fea101c9a9a.jpg,True,True,False,False,False,False,False,False,False,False,False,False,False,False,False,False,4d393822-3ea4-4501-ba66-3fea101c9a9a
28,./data/images/30d97d69-661c-4cb4-947f-fe27a173fe4a.jpg,True,False,False,False,False,False,False,True,False,False,False,False,False,False,False,False,30d97d69-661c-4cb4-947f-fe27a173fe4a
29,./data/images/affdd391-961d-45ab-846a-221ab7419daf.jpg,True,False,False,False,False,False,False,False,False,False,False,True,False,False,False,False,affdd391-961d-45ab-846a-221ab7419daf
30,./data/images/a81eceab-8844-4aa8-9158-1ae514cbb371.jpg,True,False,True,False,False,False,False,False,False,False,False,False,False,False,False,False,a81eceab-8844-4aa8-9158-1ae514cbb371
31,./data/images/f97ac8a8-72cb-4ed5-a6a8-08be5236867b.jpg,True,False,False,True,False,False,False,False,False,False,False,False,False,False,False,False,f97ac8a8-72cb-4ed5-a6a8-08be5236867b
32,./data/images/804da966-3587-4c53-9525-9f739cbef8c1.jpg,True,False,False,False,False,False,False,True,False,False,False,False,False,False,False,False,804da966-3587-4c53-9525-9f739cbef8c1
33,./data/images/bc9d7f45-70b3-4a25-90bc-85b7c24fd014.jpg,True,False,False,False,False,False,False,False,False,False,False,True,False,False,False,False,bc9d7f45-70b3-4a25-90bc-85b7c24fd014
34,./data/images/19f55748-715b-4422-8d1b-de6c94747acd.jpg,True,False,False,False,False,False,False,False,False,False,False,True,False,False,False,False,19f55748-715b-4422-8d1b-de6c94747acd
35,./data/images/50520277-4efc-419c-8406-05441cf74848.jpg,True,False,False,True,False,False,False,False,False,False,False,False,False,False,False,False,50520277-4efc-419c-8406-05441cf74848
36,./data/images/089a28c6-1de0-4904-9058-f3930cd1188c.jpg,True,False,False,True,False,False,False,False,False,False,False,False,False,False,False,False,089a28c6-1de0-4904-9058-f3930cd1188c
37,./data/images/11cc37cf-5dd4-44b2-8545-68e6d8d382ae.jpg,True,True,False,False,False,False,False,False,False,False,False,False,False,False,False,False,11cc37cf-5dd4-44b2-8545-68e6d8d382ae
38,./data/images/c80eeed4-e9e6-45e1-9770-8807420d1bbe.jpg,True,False,False,False,False,False,False,False,True,False,False,False,False,False,False,False,c80eeed4-e9e6-45e1-9770-8807420d1bbe
39,./data/images/90e684df-9a83-41a2-b5cd-4c0ffe58f903.jpg,True,False,False,True,False,False,False,False,False,False,False,False,False,False,False,False,90e684df-9a83-41a2-b5cd-4c0ffe58f903
40,./data/images/05151fc8-458a-4ff8-bf54-2c7541f544bd.jpg,True,False,False,False,False,False,False,False,False,False,False,False,True,False,False,False,05151fc8-458a-4ff8-bf54-2c7541f544bd
41,./data/images/e96fa405-fd98-42e7-862f-7a4a45f07998.jpg,True,False,False,False,False,False,False,False,False,False,False,False,False,True,False,False,e96fa405-fd98-42e7-862f-7a4a45f07998
42,./data/images/e24126a4-7273-49b6-90c1-52c89d58250c.jpg,True,False,False,False,False,False,False,False,False,False,False,False,True,False,False,False,e24126a4-7273-49b6-90c1-52c89d58250c
43,./data/images/1e34c07c-0625-43b2-9616-7cb935829cca.jpg,True,False,False,True,False,False,False,False,False,False,False,False,False,False,False,False,1e34c07c-0625-43b2-9616-7cb935829cca
44,./data/images/59374504-6ad9-4ca9-87a9-2822a2a399c4.jpg,True,False,False,True,False,False,False,False,False,False,False,False,False,False,False,False,59374504-6ad9-4ca9-87a9-2822a2a399c4
45,./data/images/415103cb-c19f-4cee-a675-31d9a8d09806.jpg,True,False,False,False,False,False,False,True,False,False,False,False,False,False,False,False,415103cb-c19f-4cee-a675-31d9a8d09806
46,./data/images/d10fb3d9-7ae6-45d3-8699-0aa5f4bb89fa.jpg,True,False,False,False,False,False,False,False,False,False,False,True,False,False,False,False,d10fb3d9-7ae6-45d3-8699-0aa5f4bb89fa
47,./data/images/d86542bf-3d3a-4998-a41a-14508a931337.jpg,True,False,False,False,False,False,False,False,False,False,False,True,False,False,False,False,d86542bf-3d3a-4998-a41a-14508a931337
48,./data/images/e2ba17f0-299e-414c-9321-e0daf0d2b0c8.jpg,True,False,False,False,False,False,False,False,True,False,False,False,False,False,False,False,e2ba17f0-299e-414c-9321-e0daf0d2b0c8
49,./data/images/099cf0bf-d7a9-4412-9097-c309ff57b791.jpg,True,False,False,False,False,False,False,False,False,False,False,True,False,False,False,False,099cf0bf-d7a9-4412-9097-c309ff57b791
50,./data/images/488c0f3a-f5c5-4e1d-bda6-d9cc4f32623d.jpg,True,False,False,False,False,False,False,True,False,False,False,False,False,False,False,False,488c0f3a-f5c5-4e1d-bda6-d9cc4f32623d
51,./data/images/8cb69274-0dcc-4c28-95a0-60bee1ccdeff.jpg,True,False,False,True,False,False,False,False,False,False,False,False,False,False,False,False,8cb69274-0dcc-4c28-95a0-60bee1ccdeff
52,./data/images/9b966da2-8779-4bbb-8687-b10f8df6110b.jpg,True,False,False,False,True,False,False,False,False,False,False,False,False,False,False,False,9b966da2-8779-4bbb-8687-b10f8df6110b
53,./data/images/4a779cef-5558-4237-ba2e-76bad774356a.jpg,True,False,False,False,False,False,False,False,False,False,False,False,False,False,False,True,4a779cef-5558-4237-ba2e-76bad774356a
54,./data/images/912e5294-644a-4716-8392-d116f2a53f4f.jpg,True,False,False,True,False,False,False,False,False,False,False,False,False,False,False,False,912e5294-644a-4716-8392-d116f2a53f4f
55,./data/images/60d3d270-af8f-41b6-b6f0-3e4333e4b327.jpg,True,False,False,False,False,False,False,False,True,False,False,False,False,False,False,False,60d3d270-af8f-41b6-b6f0-3e4333e4b327
56,./data/images/8e4b7aa3-6d0e-4d12-9ea4-2fa9376ee580.jpg,True,False,False,False,False,False,False,False,True,False,False,False,False,False,False,False,8e4b7aa3-6d0e-4d12-9ea4-2fa9376ee580
57,./data/images/4b63ac86-5aed-4da2-a522-e8a9fbbe65f4.jpg,True,True,False,False,False,False,False,False,False,False,False,False,False,False,False,False,4b63ac86-5aed-4da2-a522-e8a9fbbe65f4
58,./data/images/aee7b67d-0b46-46eb-ac2e-690dbe0b4671.jpg,True,False,False,False,False,False,False,True,False,False,False,False,False,False,False,False,aee7b67d-0b46-46eb-ac2e-690dbe0b4671
59,./data/images/82488002-d4fc-4500-9f95-a4915680138c.jpg,True,False,False,False,True,False,False,False,False,False,False,False,False,False,False,False,82488002-d4fc-4500-9f95-a4915680138c
60,./data/images/ad8125cb-d3c9-4eef-aebe-09c04fc130c3.jpg,True,False,False,False,False,False,False,False,True,False,False,False,False,False,False,False,ad8125cb-d3c9-4eef-aebe-09c04fc130c3
61,./data/images/e0a08f20-4621-49b7-8495-2dfbf1cf0113.jpg,True,False,False,False,False,False,False,False,True,False,False,False,False,False,False,False,e0a08f20-4621-49b7-8495-2dfbf1cf0113
62,./data/images/cc035b4c-f224-43b8-b895-5444a310b817.jpg,True,False,False,True,False,False,False,False,False,False,False,False,False,False,False,False,cc035b4c-f224-43b8-b895-5444a310b817
63,./data/images/2dbb392f-fce4-489b-aa95-c9b00030b7d8.jpg,True,False,False,False,False,False,False,False,True,False,False,False,False,False,False,False,2dbb392f-fce4-489b-aa95-c9b00030b7d8
64,./data/images/ef983c93-4623-4858-b934-032ad3b45f17.jpg,True,False,False,False,False,False,False,False,False,False,False,False,False,True,False,False,ef983c93-4623-4858-b934-032ad3b45f17
65,./data/images/3fe4c516-85d1-4b66-9aff-79287ac5f058.jpg,True,False,False,False,False,False,False,False,False,False,False,True,False,False,False,False,3fe4c516-85d1-4b66-9aff-79287ac5f058
66,./data/images/177c7db1-9950-41d0-8a9c-336605fc4418.jpg,True,False,False,False,False,False,False,False,False,False,False,False,True,False,False,False,177c7db1-9950-41d0-8a9c-336605fc4418
67,./data/images/ad3f4ad4-699c-4e7d-ba59-427abe69b64d.jpg,True,False,True,False,False,False,False,False,False,False,False,False,False,False,False,False,ad3f4ad4-699c-4e7d-ba59-427abe69b64d
68,./data/images/0f1cb1f4-6797-4e8d-a03c-77a5ed5f2699.jpg,True,False,False,True,False,False,False,False,False,False,False,False,False,False,False,False,0f1cb1f4-6797-4e8d-a03c-77a5ed5f2699
69,./data/images/fdb184e5-34c6-4433-b0f6-a3881d1fa627.jpg,True,False,False,True,False,False,False,False,False,False,False,False,False,False,False,False,fdb184e5-34c6-4433-b0f6-a3881d1fa627
70,./data/images/b86a043e-55ac-4ed6-a32b-43de728e7bf1.jpg,True,False,False,False,False,False,False,True,False,False,False,False,False,False,False,False,b86a043e-55ac-4ed6-a32b-43de728e7bf1
71,./data/images/8fd8f124-ecb4-47e5-8b58-47a3ced3a2f3.jpg,True,False,False,False,False,False,False,True,False,False,False,False,False,False,False,False,8fd8f124-ecb4-47e5-8b58-47a3ced3a2f3
72,./data/images/8ce7b10a-2386-4d29-a840-023eecf836e3.jpg,True,False,False,False,True,False,False,False,False,False,False,False,False,False,False,False,8ce7b10a-2386-4d29-a840-023eecf836e3
73,./data/images/bbeb7a5c-e085-4a95-8016-cec8791c6281.jpg,True,False,False,False,False,False,False,True,False,False,False,False,False,False,False,False,bbeb7a5c-e085-4a95-8016-cec8791c6281
74,./data/images/af6ab369-a1a2-4463-bcf7-21449b64c9ef.jpg,True,False,False,True,False,False,False,False,False,False,False,False,False,False,False,False,af6ab369-a1a2-4463-bcf7-21449b64c9ef
75,./data/images/395c6ac1-c7e7-440d-a2cb-2d0af9aaefc7.jpg,True,False,False,False,False,False,False,False,False,False,False,True,False,False,False,False,395c6ac1-c7e7-440d-a2cb-2d0af9aaefc7
76,./data/images/98bda026-30e4-4dee-b1e6-8a8686cbb664.jpg,True,True,False,False,False,False,False,False,False,False,False,False,False,False,False,False,98bda026-30e4-4dee-b1e6-8a8686cbb664
77,./data/images/0a6a65fe-1529-46b2-a301-354dfa34f315.jpg,True,False,False,False,False,False,False,False,True,False,False,False,False,False,False,False,0a6a65fe-1529-46b2-a301-354dfa34f315
78,./data/images/2dbfbf66-3d77-4999-b7ef-5a1d40aa04e1.jpg,True,False,False,True,False,False,False,False,False,False,False,False,False,False,False,False,2dbfbf66-3d77-4999-b7ef-5a1d40aa04e1
79,./data/images/2c68dda3-ab53-469a-bcd4-21f032127301.jpg,True,False,False,True,False,False,False,False,False,False,False,False,False,False,False,False,2c68dda3-ab53-469a-bcd4-21f032127301
80,./data/images/b63ec89f-3b2b-477b-ae6c-beaff1f22e0f.jpg,True,False,False,False,False,False,False,False,True,False,False,False,False,False,False,False,b63ec89f-3b2b-477b-ae6c-beaff1f22e0f
81,./data/images/bd7d4137-9ba1-444d-a6e1-cbf4853cd5d1.jpg,True,False,False,False,True,False,False,False,False,False,False,False,False,False,False,False,bd7d4137-9ba1-444d-a6e1-cbf4853cd5d1
82,./data/images/35a352f2-a52c-49aa-af63-b68e382c580f.jpg,True,False,False,False,False,False,False,False,True,False,False,False,False,False,False,False,35a352f2-a52c-49aa-af63-b68e382c580f
83,./data/images/f4e255e7-0da2-48e1-84dc-72c21483f5df.jpg,True,False,False,False,True,False,False,False,False,False,False,False,False,False,False,False,f4e255e7-0da2-48e1-84dc-72c21483f5df
84,./data/images/52e1be32-638e-4115-a78d-aff58e014a58.jpg,True,True,False,False,False,False,False,False,False,False,False,False,False,False,False,False,52e1be32-638e-4115-a78d-aff58e014a58
85,./data/images/33f23736-1ca3-44c3-bf16-9002e61b668f.jpg,True,False,False,False,False,False,False,False,False,False,False,True,False,False,False,False,33f23736-1ca3-44c3-bf16-9002e61b668f
86,./data/images/837b938c-efcf-4378-87a4-24c7773149a6.jpg,True,False,False,False,False,False,False,False,True,False,False,False,False,False,False,False,837b938c-efcf-4378-87a4-24c7773149a6
87,./data/images/1e6e93cf-cd6c-40b3-9d59-de466fb4033f.jpg,True,False,False,True,False,False,False,False,False,False,False,False,False,False,False,False,1e6e93cf-cd6c-40b3-9d59-de466fb4033f
88,./data/images/24c24d85-afa6-4776-a16a-ef5f11beabf1.jpg,True,False,False,False,False,False,False,True,False,False,False,False,False,False,False,False,24c24d85-afa6-4776-a16a-ef5f11beabf1
89,./data/images/0be9b862-0e8b-4098-975d-382d2dd8dfa0.jpg,True,False,False,False,False,False,False,False,False,False,False,False,False,False,False,True,0be9b862-0e8b-4098-975d-382d2dd8dfa0
90,./data/images/97d89769-1677-49e7-9ff9-a55d9b1b1afb.jpg,True,False,False,False,False,False,False,False,False,False,False,False,False,True,False,False,97d89769-1677-49e7-9ff9-a55d9b1b1afb
91,./data/images/e9b0fcfd-0197-453e-b23c-b45b5332e557.jpg,True,False,False,False,False,False,False,True,False,False,False,False,False,False,False,False,e9b0fcfd-0197-453e-b23c-b45b5332e557
92,./data/images/49935d2d-87ba-425b-b12b-72c52bdffa8d.jpg,True,False,False,False,False,False,False,True,False,False,False,False,False,False,False,False,49935d2d-87ba-425b-b12b-72c52bdffa8d
93,./data/images/61a73d5d-00a6-4797-a124-e4edf3232c11.jpg,True,False,False,True,False,False,False,False,False,False,False,False,False,False,False,False,61a73d5d-00a6-4797-a124-e4edf3232c11
94,./data/images/314ffff6-f245-4348-abaa-06bfea90efee.jpg,True,False,False,True,False,False,False,False,False,False,False,False,False,False,False,False,314ffff6-f245-4348-abaa-06bfea90efee
95,./data/images/44db3fe6-50f6-42a0-a6e0-0bd83fc901d5.jpg,True,True,False,False,False,False,False,False,False,False,False,False,False,False,False,False,44db3fe6-50f6-42a0-a6e0-0bd83fc901d5
96,./data/images/ba32d62d-acbc-49d2-8293-6565f307ede8.jpg,True,False,False,False,False,False,False,False,False,False,False,False,False,False,False,True,ba32d62d-acbc-49d2-8293-6565f307ede8
97,./data/images/d40947bf-7398-4603-9306-5feffc4c8f6d.jpg,True,False,False,True,False,False,False,False,False,False,False,False,False,False,False,False,d40947bf-7398-4603-9306-5feffc4c8f6d
98,./data/images/8dffb7b2-93c6-471e-bed1-a6e2901f7e1d.jpg,True,False,False,False,False,False,False,True,False,False,False,False,False,False,False,False,8dffb7b2-93c6-471e-bed1-a6e2901f7e1d
99,./data/images/44aedfab-c8c2-48fa-a1eb-ecb79270ca5e.jpg,True,False,False,False,False,False,False,False,False,False,False,True,False,False,False,False,44aedfab-c8c2-48fa-a1eb-ecb79270ca5e
100,./data/images/cd09b039-4ced-41e0-90bc-4190c07eec7d.jpg,True,False,False,False,False,False,False,False,False,False,False,False,True,False,False,False,cd09b039-4ced-41e0-90bc-4190c07eec7d
101,./data/images/5764aff4-5b04-40d7-804d-fa4806cf3ded.jpg,True,True,False,False,False,False,False,False,False,False,False,False,False,False,False,False,5764aff4-5b04-40d7-804d-fa4806cf3ded
102,./data/images/061025bd-8bd6-40d1-be95-c83a5db46ccd.jpg,True,False,False,False,True,False,False,False,False,False,False,False,False,False,False,False,061025bd-8bd6-40d1-be95-c83a5db46ccd
103,./data/images/752aae56-4f9e-4229-aef1-ea04abcb77a7.jpg,True,False,False,False,False,False,False,False,False,False,False,False,False,True,False,False,752aae56-4f9e-4229-aef1-ea04abcb77a7
104,./data/images/5061ebf7-cf82-43c9-a079-d34d94506e33.jpg,True,False,False,False,False,False,False,False,True,False,False,False,False,False,False,False,5061ebf7-cf82-43c9-a079-d34d94506e33
105,./data/images/2be5b479-7954-4727-bc75-65ae787800fe.jpg,True,False,False,True,False,False,False,False,False,False,False,False,False,False,False,False,2be5b479-7954-4727-bc75-65ae787800fe
106,./data/images/6af157c3-23fc-4abd-8ba6-e8b1fc26b2b9.jpg,True,False,False,True,False,False,False,False,False,False,False,False,False,False,False,False,6af157c3-23fc-4abd-8ba6-e8b1fc26b2b9
107,./data/images/417b5a6a-00d7-4aea-9b53-f40f61dba66d.jpg,True,False,False,False,False,False,False,False,False,False,True,False,False,False,False,False,417b5a6a-00d7-4aea-9b53-f40f61dba66d
108,./data/images/b5925d46-aa1d-4f2f-8003-eb96320d641b.jpg,True,False,False,False,True,False,False,False,False,False,False,False,False,False,False,False,b5925d46-aa1d-4f2f-8003-eb96320d641b
109,./data/images/ad4bf9b8-41a9-4f4c-b55e-621069050579.jpg,True,False,False,False,False,False,False,False,False,False,False,False,False,True,False,False,ad4bf9b8-41a9-4f4c-b55e-621069050579
110,./data/images/57cbc941-87d9-41f0-862e-45f7f20954f6.jpg,True,False,False,False,False,False,False,False,False,False,False,False,False,True,False,False,57cbc941-87d9-41f0-862e-45f7f20954f6
111,./data/images/a164d09b-55a3-42d4-89ee-a3087fcb0c40.jpg,True,False,False,True,False,False,False,False,False,False,False,False,False,False,False,False,a164d09b-55a3-42d4-89ee-a3087fcb0c40
112,./data/images/586eeea5-43ff-4636-b669-a04ae7efa82c.jpg,True,False,False,False,False,False,False,False,False,False,False,False,False,True,False,False,586eeea5-43ff-4636-b669-a04ae7efa82c
113,./data/images/78951db5-792e-4734-b4f6-8b9b8f33706b.jpg,True,False,False,False,False,False,False,True,False,False,False,False,False,False,False,False,78951db5-792e-4734-b4f6-8b9b8f33706b
114,./data/images/ec546574-5821-4886-9744-2969b058880d.jpg,True,False,False,False,False,False,False,True,False,False,False,False,False,False,False,False,ec546574-5821-4886-9744-2969b058880d
115,./data/images/00ba838f-e9fd-4b52-9004-e007cd5c79db.jpg,True,False,False,False,False,False,False,False,False,False,True,False,False,False,False,False,00ba838f-e9fd-4b52-9004-e007cd5c79db
116,./data/images/87412eb7-fde9-4836-b39d-4210e142b48f.jpg,True,False,False,False,False,False,False,False,False,False,False,False,False,True,False,False,87412eb7-fde9-4836-b39d-4210e142b48f
117,./data/images/1155c6db-cbe7-4ddb-8734-77a00bcc9356.jpg,True,False,False,False,False,False,False,False,False,False,False,False,False,True,False,False,1155c6db-cbe7-4ddb-8734-77a00bcc9356
118,./data/images/ef1802b1-c801-4659-9d4c-b6571d4e6a28.jpg,True,False,False,False,False,False,False,False,False,False,False,False,False,True,False,False,ef1802b1-c801-4659-9d4c-b6571d4e6a28
119,./data/images/12f322df-fedd-47c9-a734-32962aebc1c7.jpg,True,False,False,True,False,False,False,False,False,False,False,False,False,False,False,False,12f322df-fedd-47c9-a734-32962aebc1c7
120,./data/images/ec2a9e73-a38c-4e4f-bb35-dbf9dec5eb29.jpg,True,False,False,False,False,False,False,False,True,False,False,False,False,False,False,False,ec2a9e73-a38c-4e4f-bb35-dbf9dec5eb29
121,./data/images/6b09724d-9f68-4448-af8f-97f0676530b3.jpg,True,False,False,False,False,False,False,True,False,False,False,False,False,False,False,False,6b09724d-9f68-4448-af8f-97f0676530b3
122,./data/images/433a4ec3-794b-4515-8521-8fd9c94285c2.jpg,True,False,False,False,False,False,False,False,False,False,False,False,True,False,False,False,433a4ec3-794b-4515-8521-8fd9c94285c2
123,./data/images/d0c42aa6-4545-4692-870d-21fe9e80d08a.jpg,True,False,False,True,False,False,False,False,False,False,False,False,False,False,False,False,d0c42aa6-4545-4692-870d-21fe9e80d08a
124,./data/images/0fc475fe-8b57-4e3e-894a-d6be537130c0.jpg,True,False,False,False,False,False,False,False,False,False,False,True,False,False,False,False,0fc475fe-8b57-4e3e-894a-d6be537130c0
125,./data/images/c0ecb539-301d-4666-b3cc-ccd2651c62ab.jpg,True,False,False,False,False,False,False,False,False,False,False,False,False,False,False,True,c0ecb539-301d-4666-b3cc-ccd2651c62ab
126,./data/images/79f4d6fc-8815-424d-bd18-2592fab62a2f.jpg,True,False,False,False,False,False,False,False,True,False,False,False,False,False,False,False,79f4d6fc-8815-424d-bd18-2592fab62a2f
127,./data/images/fbe1b835-2c23-449e-9167-2b93c2e5d0a7.jpg,True,False,False,True,False,False,False,False,False,False,False,False,False,False,False,False,fbe1b835-2c23-449e-9167-2b93c2e5d0a7
128,./data/images/c378f599-9e25-443c-8c92-7d1bd4234d15.jpg,True,False,False,False,False,False,False,False,False,False,False,False,False,True,False,False,c378f599-9e25-443c-8c92-7d1bd4234d15
129,./data/images/72b10c45-6261-421f-827e-ca33e50b41b0.jpg,True,True,False,False,False,False,False,False,False,False,False,False,False,False,False,False,72b10c45-6261-421f-827e-ca33e50b41b0
130,./data/images/d83c52a3-a37c-40f2-b6ae-185a1c0d75da.jpg,True,False,False,False,False,False,False,True,False,False,False,False,False,False,False,False,d83c52a3-a37c-40f2-b6ae-185a1c0d75da
131,./data/images/8ee40841-546e-40f6-bc0e-13fa746971c7.jpg,True,False,False,False,False,False,False,True,False,False,False,False,False,False,False,False,8ee40841-546e-40f6-bc0e-13fa746971c7
132,./data/images/d5848570-f470-4593-9300-3e52c08765e7.jpg,True,False,False,True,False,False,False,False,False,False,False,False,False,False,False,False,d5848570-f470-4593-9300-3e52c08765e7
133,./data/images/365b03c8-4d1f-43ed-abd7-cc69006fd524.jpg,True,False,False,False,True,False,False,False,False,False,False,False,False,False,False,False,365b03c8-4d1f-43ed-abd7-cc69006fd524
134,./data/images/6f50df1c-1fd8-4673-83a6-185ad3cb601e.jpg,True,False,False,False,False,False,False,False,True,False,False,False,False,False,False,False,6f50df1c-1fd8-4673-83a6-185ad3cb601e
135,./data/images/2e768c98-b3b2-44f2-ba4b-841ab96832ef.jpg,True,False,False,False,False,False,False,True,False,False,False,False,False,False,False,False,2e768c98-b3b2-44f2-ba4b-841ab96832ef
136,./data/images/0a49b3e1-dad9-4856-9fc5-bc515730eb92.jpg,True,False,False,True,False,False,False,False,False,False,False,False,False,False,False,False,0a49b3e1-dad9-4856-9fc5-bc515730eb92
137,./data/images/e43bd71b-7d26-4202-b7b4-f32d264dc362.jpg,True,False,False,False,False,False,False,True,False,False,False,False,False,False,False,False,e43bd71b-7d26-4202-b7b4-f32d264dc362
138,./data/images/234ff4ab-0f3a-4d80-a75a-12a86f8a23c0.jpg,True,False,False,False,False,False,False,False,False,False,False,False,True,False,False,False,234ff4ab-0f3a-4d80-a75a-12a86f8a23c0
139,./data/images/76246247-c3e7-43bb-9d98-1ac0b4347857.jpg,True,False,False,False,False,False,False,False,False,False,True,False,False,False,False,False,76246247-c3e7-43bb-9d98-1ac0b4347857
140,./data/images/54d1164f-fdd0-4392-a84b-9bb70d4a68ca.jpg,True,False,False,False,False,False,False,False,False,False,False,False,False,True,False,False,54d1164f-fdd0-4392-a84b-9bb70d4a68ca
141,./data/images/280c3abb-bfd8-4090-9777-4b330351ccb6.jpg,True,False,False,False,False,False,False,False,True,False,False,False,False,False,False,False,280c3abb-bfd8-4090-9777-4b330351ccb6
142,./data/images/485c63fb-df66-4de5-b6f8-6128407d17c7.jpg,True,False,False,True,False,False,False,False,False,False,False,False,False,False,False,False,485c63fb-df66-4de5-b6f8-6128407d17c7
143,./data/images/d8ab1b87-6f8d-4508-a557-e3741e0c2b47.jpg,True,False,False,False,False,False,False,True,False,False,False,False,False,False,False,False,d8ab1b87-6f8d-4508-a557-e3741e0c2b47
144,./data/images/c8a07b3c-af29-4c46-ba85-c84b2159d8db.jpg,True,False,False,False,False,False,False,False,False,False,False,True,False,False,False,False,c8a07b3c-af29-4c46-ba85-c84b2159d8db
145,./data/images/66359f5d-68fd-4a8d-ba40-c6dfc5eebd8f.jpg,True,False,False,True,False,False,False,False,False,False,False,False,False,False,False,False,66359f5d-68fd-4a8d-ba40-c6dfc5eebd8f
146,./data/images/62669ae1-ac4f-48d8-b149-6abb623e977a.jpg,True,True,False,False,False,False,False,False,False,False,False,False,False,False,False,False,62669ae1-ac4f-48d8-b149-6abb623e977a
147,./data/images/b48cb611-1642-4482-860c-df96c702539d.jpg,True,True,False,False,False,False,False,False,False,False,False,False,False,False,False,False,b48cb611-1642-4482-860c-df96c702539d
148,./data/images/ae91c812-6ef0-47ff-870c-760772dab1ca.jpg,True,True,False,False,False,False,False,False,False,False,False,False,False,False,False,False,ae91c812-6ef0-47ff-870c-760772dab1ca
149,./data/images/9f1c7753-d6e8-4ada-9609-8ccb627178b9.jpg,True,False,False,True,False,False,False,False,False,False,False,False,False,False,False,False,9f1c7753-d6e8-4ada-9609-8ccb627178b9
150,./data/images/b62dbcf9-e789-42ec-b2c6-8e39ce1cc011.jpg,True,False,False,False,False,False,False,False,True,False,False,False,False,False,False,False,b62dbcf9-e789-42ec-b2c6-8e39ce1cc011
151,./data/images/c5c4031f-3ec3-47a8-9965-0719a4ebe220.jpg,True,False,False,False,False,False,False,True,False,False,False,False,False,False,False,False,c5c4031f-3ec3-47a8-9965-0719a4ebe220
152,./data/images/0b328272-6b74-4022-a2af-c812872a4926.jpg,True,False,False,True,False,False,False,False,False,False,False,False,False,False,False,False,0b328272-6b74-4022-a2af-c812872a4926
153,./data/images/22d09d53-859d-4139-8b77-4643790aa851.jpg,True,False,False,False,False,False,False,False,False,False,False,False,True,False,False,False,22d09d53-859d-4139-8b77-4643790aa851
154,./data/images/b768ff84-0b23-46b0-b21d-a772461c29e1.jpg,True,False,False,False,False,False,False,False,False,False,False,False,False,False,False,True,b768ff84-0b23-46b0-b21d-a772461c29e1
155,./data/images/38bb4759-6b5c-4f61-80b2-01c72bdc995e.jpg,True,True,False,False,False,False,False,False,False,False,False,False,False,False,False,False,38bb4759-6b5c-4f61-80b2-01c72bdc995e
156,./data/images/1de39a8b-4ca7-43d1-b0f5-518404ab63af.jpg,True,False,False,False,False,False,False,False,True,False,False,False,False,False,False,False,1de39a8b-4ca7-43d1-b0f5-518404ab63af
157,./data/images/8157df79-7491-49bd-b027-a548ac791cf8.jpg,True,False,False,False,False,False,False,True,False,False,False,False,False,False,False,False,8157df79-7491-49bd-b027-a548ac791cf8
158,./data/images/d35d8c24-b61d-4574-a3dc-3878c5bd7014.jpg,True,False,False,False,False,False,False,False,False,False,False,True,False,False,False,False,d35d8c24-b61d-4574-a3dc-3878c5bd7014
159,./data/images/73541cff-2b35-4c4b-9db5-7ebf208603a2.jpg,True,False,False,False,False,False,False,False,True,False,False,False,False,False,False,False,73541cff-2b35-4c4b-9db5-7ebf208603a2
160,./data/images/b2014ba8-4e06-40d5-b66e-8fb84f025a05.jpg,True,False,False,True,False,False,False,False,False,False,False,False,False,False,False,False,b2014ba8-4e06-40d5-b66e-8fb84f025a05
161,./data/images/211fcb2b-dc83-45c1-8bcd-e9e34ea8ec46.jpg,True,True,False,False,False,False,False,False,False,False,False,False,False,False,False,False,211fcb2b-dc83-45c1-8bcd-e9e34ea8ec46
162,./data/images/483f822f-d464-49d0-a0ec-20dfcb6b3d10.jpg,True,False,False,False,False,False,False,False,False,False,False,False,False,False,False,True,483f822f-d464-49d0-a0ec-20dfcb6b3d10
163,./data/images/780f5729-9dd1-461a-a26e-bda3bd514276.jpg,True,False,False,False,False,False,False,False,True,False,False,False,False,False,False,False,780f5729-9dd1-461a-a26e-bda3bd514276
164,./data/images/f8ae45f7-8cc6-4e61-892c-020b6ac43e35.jpg,True,False,True,False,False,False,False,False,False,False,False,False,False,False,False,False,f8ae45f7-8cc6-4e61-892c-020b6ac43e35
165,./data/images/69b9602f-e6d5-4e7c-979b-6f587e9e70e2.jpg,True,False,False,False,False,False,False,True,False,False,False,False,False,False,False,False,69b9602f-e6d5-4e7c-979b-6f587e9e70e2
166,./data/images/96dbc3c7-87e3-4443-ae5e-fbec12a2617d.jpg,True,False,False,False,False,False,False,True,False,False,False,False,False,False,False,False,96dbc3c7-87e3-4443-ae5e-fbec12a2617d
167,./data/images/c1a42d3c-b75d-44a0-9fd0-7c8ec3b9824a.jpg,True,False,False,False,False,False,False,True,False,False,False,False,False,False,False,False,c1a42d3c-b75d-44a0-9fd0-7c8ec3b9824a
168,./data/images/d561196e-ef92-4405-99a2-42ec67d0ad1f.jpg,True,False,False,False,False,False,False,False,True,False,False,False,False,False,False,False,d561196e-ef92-4405-99a2-42ec67d0ad1f
169,./data/images/b531f23c-975d-4606-98ee-bd23ef77e532.jpg,True,False,False,False,False,False,False,False,True,False,False,False,False,False,False,False,b531f23c-975d-4606-98ee-bd23ef77e532
170,./data/images/dce18cca-7da2-44d3-abc3-937203d9d93a.jpg,True,False,True,False,False,False,False,False,False,False,False,False,False,False,False,False,dce18cca-7da2-44d3-abc3-937203d9d93a
171,./data/images/99b356bc-1b22-462c-8962-35194368f007.jpg,True,False,False,True,False,False,False,False,False,False,False,False,False,False,False,False,99b356bc-1b22-462c-8962-35194368f007
172,./data/images/f8a9e31d-d8c7-4986-bd61-50facd63859a.jpg,True,False,False,False,False,False,False,False,False,False,False,False,True,False,False,False,f8a9e31d-d8c7-4986-bd61-50facd63859a
173,./data/images/3167b153-9baa-4b55-8e0d-16f5c1e00cac.jpg,True,False,False,True,False,False,False,False,False,False,False,False,False,False,False,False,3167b153-9baa-4b55-8e0d-16f5c1e00cac
174,./data/images/c4446c05-23f9-4262-8f7a-2fe960d36de1.jpg,True,False,False,True,False,False,False,False,False,False,False,False,False,False,False,False,c4446c05-23f9-4262-8f7a-2fe960d36de1
175,./data/images/bfdababd-5e05-4426-9604-4a9abe0b707f.jpg,True,False,False,False,False,False,False,False,False,False,False,True,False,False,False,False,bfdababd-5e05-4426-9604-4a9abe0b707f
176,./data/images/374b0c40-6a93-4110-b6ec-729b5ff55c3b.jpg,True,False,True,False,False,False,False,False,False,False,False,False,False,False,False,False,374b0c40-6a93-4110-b6ec-729b5ff55c3b
177,./data/images/48ef90d7-5bbd-4d21-aa37-67e595a3f89d.jpg,True,False,False,False,False,False,False,True,False,False,False,False,False,False,False,False,48ef90d7-5bbd-4d21-aa37-67e595a3f89d
178,./data/images/5256f8cb-6f42-4ffd-8f7b-745fcaefd75f.jpg,True,False,False,False,False,False,False,False,True,False,False,False,False,False,False,False,5256f8cb-6f42-4ffd-8f7b-745fcaefd75f
179,./data/images/17392dcb-0570-4728-b8cf-635c6caf5345.jpg,True,False,False,False,False,False,False,False,False,False,False,True,False,False,False,False,17392dcb-0570-4728-b8cf-635c6caf5345
180,./data/images/b09775b4-2c21-47c9-80d5-aec68fa16eaa.jpg,True,True,False,False,False,False,False,False,False,False,False,False,False,False,False,False,b09775b4-2c21-47c9-80d5-aec68fa16eaa
181,./data/images/ec963f93-c490-45f9-a994-dee046907557.jpg,True,False,False,False,False,False,False,False,False,False,False,False,False,False,False,True,ec963f93-c490-45f9-a994-dee046907557
182,./data/images/fe16efd1-e103-451d-8c84-0cfaa4112812.jpg,True,False,False,False,False,False,False,False,False,False,False,False,True,False,False,False,fe16efd1-e103-451d-8c84-0cfaa4112812
183,./data/images/b9bc03c9-c711-47d4-8c1a-89189edd3322.jpg,True,False,False,False,False,False,False,False,True,False,False,False,False,False,False,False,b9bc03c9-c711-47d4-8c1a-89189edd3322
184,./data/images/c8b4ce46-a62c-4518-bb5f-f1f198c4554e.jpg,True,False,False,False,False,False,False,False,False,False,False,True,False,False,False,False,c8b4ce46-a62c-4518-bb5f-f1f198c4554e
185,./data/images/62713c4f-ce11-45e5-8a8a-a90c31f05561.jpg,True,False,False,False,False,False,False,False,False,False,False,False,False,True,False,False,62713c4f-ce11-45e5-8a8a-a90c31f05561
186,./data/images/dc776061-bf4c-4f26-98d3-51cf7482d67c.jpg,True,False,False,False,False,False,False,False,False,False,False,False,False,False,False,True,dc776061-bf4c-4f26-98d3-51cf7482d67c
187,./data/images/9a8e39fe-a62b-4c62-b3fc-2c57a3a18b58.jpg,True,False,False,False,False,False,False,False,False,False,False,True,False,False,False,False,9a8e39fe-a62b-4c62-b3fc-2c57a3a18b58
188,./data/images/5907d470-241b-4f3a-8528-feecf855feb4.jpg,True,False,False,False,False,False,False,False,False,False,False,True,False,False,False,False,5907d470-241b-4f3a-8528-feecf855feb4
189,./data/images/ceb6025e-07c2-4b4e-8575-7b6c6391623e.jpg,True,False,False,False,False,False,False,False,False,False,False,False,False,False,False,True,ceb6025e-07c2-4b4e-8575-7b6c6391623e
190,./data/images/d9de34fc-7f78-4f87-9604-d44237c83700.jpg,True,False,False,False,True,False,False,False,False,False,False,False,False,False,False,False,d9de34fc-7f78-4f87-9604-d44237c83700
191,./data/images/273c6780-9acf-4ee3-a31e-e286d941994b.jpg,True,True,False,False,False,False,False,False,False,False,False,False,False,False,False,False,273c6780-9acf-4ee3-a31e-e286d941994b
192,./data/images/9070ec19-1580-4ff9-85b8-446243e1e22b.jpg,True,False,False,False,False,False,False,False,True,False,False,False,False,False,False,False,9070ec19-1580-4ff9-85b8-446243e1e22b
193,./data/images/f7abbf03-5096-452a-8d85-178b881ff30b.jpg,True,False,False,True,False,False,False,False,False,False,False,False,False,False,False,False,f7abbf03-5096-452a-8d85-178b881ff30b
194,./data/images/e64ddafd-43ee-428b-b258-ac07b99bd511.jpg,True,False,False,True,False,False,False,False,False,False,False,False,False,False,False,False,e64ddafd-43ee-428b-b258-ac07b99bd511
195,./data/images/5f5651c9-0a46-4975-be3a-da9df356b90d.jpg,True,False,False,False,False,False,False,False,False,False,False,True,False,False,False,False,5f5651c9-0a46-4975-be3a-da9df356b90d
196,./data/images/333237dc-c2e5-4dea-885b-3211c4b85374.jpg,True,False,False,False,False,False,False,False,False,False,False,True,False,False,False,False,333237dc-c2e5-4dea-885b-3211c4b85374
197,./data/images/5edf36b3-9c39-4b0d-b655-4ca1c437716a.jpg,True,False,False,False,False,False,False,False,False,False,False,True,False,False,False,False,5edf36b3-9c39-4b0d-b655-4ca1c437716a
198,./data/images/ab896eda-ce64-4e0d-a17c-8fbfd796efd8.jpg,True,False,False,False,False,False,False,False,False,False,False,False,False,False,False,True,ab896eda-ce64-4e0d-a17c-8fbfd796efd8
199,./data/images/16597d6b-9a88-4c66-b5b9-3981a9100aaa.jpg,True,False,False,False,False,False,False,False,False,False,False,False,True,False,False,False,16597d6b-9a88-4c66-b5b9-3981a9100aaa
200,./data/images/2736105e-7edc-4b6c-9570-2059d6c3a0d4.jpg,True,False,False,False,False,False,False,False,False,False,False,False,False,False,False,True,2736105e-7edc-4b6c-9570-2059d6c3a0d4
201,./data/images/ee22dc9d-1519-433c-acad-a1cc2720560e.jpg,True,False,False,True,False,False,False,False,False,False,False,False,False,False,False,False,ee22dc9d-1519-433c-acad-a1cc2720560e
202,./data/images/198f386d-dd9e-474e-bc70-e49da71ec5b9.jpg,True,False,False,False,False,False,False,False,False,False,False,True,False,False,False,False,198f386d-dd9e-474e-bc70-e49da71ec5b9
203,./data/images/9520f820-f18e-43d6-81bf-0184554aacab.jpg,True,False,False,False,False,False,False,False,False,False,False,True,False,False,False,False,9520f820-f18e-43d6-81bf-0184554aacab
204,./data/images/b2175acd-8805-4476-8c7e-33cf9c79ecab.jpg,True,False,False,False,False,False,False,True,False,False,False,False,False,False,False,False,b2175acd-8805-4476-8c7e-33cf9c79ecab
205,./data/images/9e3fdc2b-abf0-4268-bd8d-f0e4945a5640.jpg,True,False,False,False,False,False,False,False,True,False,False,False,False,False,False,False,9e3fdc2b-abf0-4268-bd8d-f0e4945a5640
206,./data/images/146e7630-f2da-4d3b-990a-6a3eef9972ca.jpg,True,False,False,False,False,False,False,True,False,False,False,False,False,False,False,False,146e7630-f2da-4d3b-990a-6a3eef9972ca
207,./data/images/6b5a5687-3fbf-4c9b-9504-4dde1703878c.jpg,True,False,False,False,False,False,False,True,False,False,False,False,False,False,False,False,6b5a5687-3fbf-4c9b-9504-4dde1703878c
208,./data/images/7cceb62e-3484-464b-b1e7-6f8c92a203d4.jpg,True,False,False,False,False,False,False,False,False,False,False,False,False,False,False,True,7cceb62e-3484-464b-b1e7-6f8c92a203d4
209,./data/images/c73748fb-0088-42b8-ad3b-42e4b7fb872c.jpg,True,False,False,False,False,False,False,False,True,False,False,False,False,False,False,False,c73748fb-0088-42b8-ad3b-42e4b7fb872c
210,./data/images/970dc240-4efc-49f0-8532-70bf71e9f90e.jpg,True,False,False,False,False,False,False,True,False,False,False,False,False,False,False,False,970dc240-4efc-49f0-8532-70bf71e9f90e
211,./data/images/4b69c8f5-86b6-4a86-8443-ea7718e83626.jpg,True,False,False,False,False,False,False,True,False,False,False,False,False,False,False,False,4b69c8f5-86b6-4a86-8443-ea7718e83626
212,./data/images/1550bc4c-68cd-47c1-b04f-f5b5f524976e.jpg,True,True,False,False,False,False,False,False,False,False,False,False,False,False,False,False,1550bc4c-68cd-47c1-b04f-f5b5f524976e
213,./data/images/5100d817-1741-4451-8fcb-ea0fb71430b8.jpg,True,True,False,False,False,False,False,False,False,False,False,False,False,False,False,False,5100d817-1741-4451-8fcb-ea0fb71430b8
214,./data/images/8c59f3c5-7f2b-467a-8a2e-c61c31908a29.jpg,True,True,False,False,False,False,False,False,False,False,False,False,False,False,False,False,8c59f3c5-7f2b-467a-8a2e-c61c31908a29
215,./data/images/62d339d3-ead2-45f9-b817-0275bd5d8623.jpg,True,False,False,False,False,False,False,False,True,False,False,False,False,False,False,False,62d339d3-ead2-45f9-b817-0275bd5d8623
216,./data/images/4a982030-c6b6-463b-93d1-8c12bcdf9edf.jpg,True,False,False,False,False,False,False,False,False,False,False,False,False,True,False,False,4a982030-c6b6-463b-93d1-8c12bcdf9edf
217,./data/images/778fa9b2-7bcc-4d9e-b876-98a24e7e2970.jpg,True,False,False,False,False,False,False,False,False,False,False,True,False,False,False,False,778fa9b2-7bcc-4d9e-b876-98a24e7e2970
218,./data/images/f1ce6d8e-c3c3-4c1f-bebf-437f48063413.jpg,True,False,False,True,False,False,False,False,False,False,False,False,False,False,False,False,f1ce6d8e-c3c3-4c1f-bebf-437f48063413
219,./data/images/b67b7a81-42e6-425e-9384-950965485a28.jpg,True,False,False,False,False,False,False,False,False,False,False,False,False,True,False,False,b67b7a81-42e6-425e-9384-950965485a28
220,./data/images/ce3e1694-2232-44c4-911d-6860ea79e2fb.jpg,True,False,False,False,False,False,False,False,False,False,False,False,False,True,False,False,ce3e1694-2232-44c4-911d-6860ea79e2fb
221,./data/images/b0414abb-9df4-4f04-93b9-0880efda7e24.jpg,True,False,False,False,False,False,False,False,False,False,False,False,False,True,False,False,b0414abb-9df4-4f04-93b9-0880efda7e24
222,./data/images/4909c835-d1fb-45d2-8de6-6d7dd7a87ddf.jpg,True,False,False,False,False,False,False,False,False,False,False,True,False,False,False,False,4909c835-d1fb-45d2-8de6-6d7dd7a87ddf
223,./data/images/5e541690-eaac-4a51-b9f6-8f4675e3ad08.jpg,True,False,False,False,False,False,False,False,False,False,False,False,False,True,False,False,5e541690-eaac-4a51-b9f6-8f4675e3ad08
224,./data/images/8f073447-4efc-4e2c-a055-c7b887e2375c.jpg,True,False,False,True,False,False,False,False,False,False,False,False,False,False,False,False,8f073447-4efc-4e2c-a055-c7b887e2375c
225,./data/images/9fff29f3-6637-4cad-a3c2-f24d57d8a88b.jpg,True,False,False,True,False,False,False,False,False,False,False,False,False,False,False,False,9fff29f3-6637-4cad-a3c2-f24d57d8a88b
226,./data/images/e9090195-86c2-4abd-8733-d0953ee95cad.jpg,True,False,False,False,False,False,False,False,False,False,False,True,False,False,False,False,e9090195-86c2-4abd-8733-d0953ee95cad
227,./data/images/f97e977b-6f8f-4224-915c-9745a100149b.jpg,True,False,False,False,False,False,True,False,False,False,False,False,False,False,False,False,f97e977b-6f8f-4224-915c-9745a100149b
228,./data/images/f61dcdcc-6407-40fd-8d0c-a96e39890e93.jpg,True,True,False,False,False,False,False,False,False,False,False,False,False,False,False,False,f61dcdcc-6407-40fd-8d0c-a96e39890e93
229,./data/images/b9832014-3688-491b-ac36-3707b076f4a9.jpg,True,False,False,False,False,False,False,False,False,False,False,True,False,False,False,False,b9832014-3688-491b-ac36-3707b076f4a9
230,./data/images/f9a2416a-35a3-486f-b333-37d34ad222b6.jpg,True,False,False,False,False,False,False,True,False,False,False,False,False,False,False,False,f9a2416a-35a3-486f-b333-37d34ad222b6
231,./data/images/5bd12fc2-3d40-4ecd-92c3-b079d3220cff.jpg,True,False,False,True,False,False,False,False,False,False,False,False,False,False,False,False,5bd12fc2-3d40-4ecd-92c3-b079d3220cff
232,./data/images/9e2ad951-9847-4150-b907-029d0909d48f.jpg,True,True,False,False,False,False,False,False,False,False,False,False,False,False,False,False,9e2ad951-9847-4150-b907-029d0909d48f
233,./data/images/447e9b7c-8972-4129-b3e7-7636e6dbdea6.jpg,True,False,False,False,False,False,False,False,False,False,False,False,False,False,False,True,447e9b7c-8972-4129-b3e7-7636e6dbdea6
234,./data/images/1471094b-e237-4d24-ae24-2e25ae386f17.jpg,True,False,False,False,False,False,False,True,False,False,False,False,False,False,False,False,1471094b-e237-4d24-ae24-2e25ae386f17
235,./data/images/5c8b46e8-d684-431f-bdfb-64fde582c9f4.jpg,True,False,False,False,False,False,False,False,False,False,False,False,True,False,False,False,5c8b46e8-d684-431f-bdfb-64fde582c9f4
236,./data/images/d5a41441-9ce0-4b82-9240-2e07d7e86ab5.jpg,True,False,False,False,False,False,False,True,False,False,False,False,False,False,False,False,d5a41441-9ce0-4b82-9240-2e07d7e86ab5
237,./data/images/a00c103b-d8d9-4167-8244-8e73695b3dff.jpg,True,False,False,False,False,False,False,False,True,False,False,False,False,False,False,False,a00c103b-d8d9-4167-8244-8e73695b3dff
238,./data/images/2b8a5458-a0cf-4b5c-bb18-4035760dfd82.jpg,True,False,False,False,False,False,False,False,True,False,False,False,False,False,False,False,2b8a5458-a0cf-4b5c-bb18-4035760dfd82
239,./data/images/226e7962-3165-4a30-b2d8-f264f1bf1ff6.jpg,True,False,False,False,False,False,False,False,False,False,False,False,False,True,False,False,226e7962-3165-4a30-b2d8-f264f1bf1ff6
240,./data/images/1fa71cc5-8e50-400a-8a73-e4e3f11d194b.jpg,True,False,False,False,False,False,False,False,False,False,False,True,False,False,False,False,1fa71cc5-8e50-400a-8a73-e4e3f11d194b
241,./data/images/532c44f2-23eb-42bd-a68a-4edd18608e66.jpg,True,False,False,True,False,False,False,False,False,False,False,False,False,False,False,False,532c44f2-23eb-42bd-a68a-4edd18608e66
242,./data/images/6d7c4968-2f06-4cde-af80-41e4346aa8ca.jpg,True,False,False,False,False,False,False,False,False,False,False,True,False,False,False,False,6d7c4968-2f06-4cde-af80-41e4346aa8ca
243,./data/images/78a660a2-d8d9-4045-8ae0-86151ea9408a.jpg,True,False,False,False,False,False,False,False,True,False,False,False,False,False,False,False,78a660a2-d8d9-4045-8ae0-86151ea9408a
244,./data/images/29f11445-8424-4afb-a331-0814275b5a87.jpg,True,False,False,True,False,False,False,False,False,False,False,False,False,False,False,False,29f11445-8424-4afb-a331-0814275b5a87
245,./data/images/86427e7b-fef5-49a9-8ed5-7818341e2178.jpg,True,False,False,False,False,False,False,False,True,False,False,False,False,False,False,False,86427e7b-fef5-49a9-8ed5-7818341e2178
246,./data/images/b50cad2e-559c-4485-85fa-af931ca08ebb.jpg,True,False,False,False,False,False,False,False,False,False,False,True,False,False,False,False,b50cad2e-559c-4485-85fa-af931ca08ebb
247,./data/images/71afde02-60f1-4f30-98bc-0c9b9cf1d4c1.jpg,True,False,False,False,False,False,False,False,False,False,False,True,False,False,False,False,71afde02-60f1-4f30-98bc-0c9b9cf1d4c1
248,./data/images/454ad364-9fd6-4728-8404-e3bcbb8c2382.jpg,True,False,False,True,False,False,False,False,False,False,False,False,False,False,False,False,454ad364-9fd6-4728-8404-e3bcbb8c2382
249,./data/images/0df831bd-aa37-43a1-969b-04a18d3b279a.jpg,True,False,False,False,False,False,False,True,False,False,False,False,False,False,False,False,0df831bd-aa37-43a1-969b-04a18d3b279a
250,./data/images/ca2e6983-cc55-45ea-b737-1468e76a930f.jpg,True,False,False,False,False,False,False,True,False,False,False,False,False,False,False,False,ca2e6983-cc55-45ea-b737-1468e76a930f
251,./data/images/566f9fa1-f87e-4995-9b69-df2a489ac75b.jpg,True,False,False,False,False,False,False,True,False,False,False,False,False,False,False,False,566f9fa1-f87e-4995-9b69-df2a489ac75b
252,./data/images/54f2d5cb-b1f7-4a28-a3c9-52b69a1686ef.jpg,True,False,False,False,False,False,True,False,False,False,False,False,False,False,False,False,54f2d5cb-b1f7-4a28-a3c9-52b69a1686ef
253,./data/images/de44a7b5-1440-4404-8014-9959677a7229.jpg,True,False,False,True,False,False,False,False,False,False,False,False,False,False,False,False,de44a7b5-1440-4404-8014-9959677a7229
254,./data/images/e5913452-e577-4517-ae4b-21095f549c11.jpg,True,False,False,True,False,False,False,False,False,False,False,False,False,False,False,False,e5913452-e577-4517-ae4b-21095f549c11
255,./data/images/2e54fabe-5901-4294-a3d4-8c1b462cfa36.jpg,True,False,False,True,False,False,False,False,False,False,False,False,False,False,False,False,2e54fabe-5901-4294-a3d4-8c1b462cfa36
256,./data/images/f1b472c0-9150-4d5e-853d-096fa926312c.jpg,True,False,False,False,False,False,False,False,False,False,False,True,False,False,False,False,f1b472c0-9150-4d5e-853d-096fa926312c
257,./data/images/4b8498d1-432f-46f6-b303-05befb59c62d.jpg,True,False,False,False,False,False,False,False,False,False,False,True,False,False,False,False,4b8498d1-432f-46f6-b303-05befb59c62d
258,./data/images/2a8e7780-39d0-4f4b-9eca-7a8a0be703ea.jpg,True,False,False,False,False,False,False,False,False,False,False,False,True,False,False,False,2a8e7780-39d0-4f4b-9eca-7a8a0be703ea
259,./data/images/751c11a1-4937-4082-8d67-2751e32e6009.jpg,True,False,False,False,False,False,False,False,False,False,False,True,False,False,False,False,751c11a1-4937-4082-8d67-2751e32e6009
260,./data/images/05d345cc-f034-4b2c-9b21-461b3b6ec1bb.jpg,True,False,False,False,False,False,False,False,True,False,False,False,False,False,False,False,05d345cc-f034-4b2c-9b21-461b3b6ec1bb
261,./data/images/89c4fb5e-bb10-4200-be93-bd87a0c089f9.jpg,True,False,False,False,False,False,False,True,False,False,False,False,False,False,False,False,89c4fb5e-bb10-4200-be93-bd87a0c089f9
262,./data/images/dcbdc670-a740-422a-979d-fe4e0afe7f76.jpg,True,False,False,False,False,False,True,False,False,False,False,False,False,False,False,False,dcbdc670-a740-422a-979d-fe4e0afe7f76
263,./data/images/c4c892ef-4c9c-44fe-b2be-c9bd26f54c92.jpg,True,False,False,False,False,False,False,True,False,False,False,False,False,False,False,False,c4c892ef-4c9c-44fe-b2be-c9bd26f54c92
264,./data/images/1cc0e435-54d7-443e-8bd4-f6b7840f03f7.jpg,True,True,False,False,False,False,False,False,False,False,False,False,False,False,False,False,1cc0e435-54d7-443e-8bd4-f6b7840f03f7
265,./data/images/3cdb486f-e05c-4182-a8e9-32ff07053912.jpg,True,False,False,False,False,False,False,False,True,False,False,False,False,False,False,False,3cdb486f-e05c-4182-a8e9-32ff07053912
266,./data/images/b729d19b-ac87-4538-b81a-fed03e286c8a.jpg,True,False,False,False,False,False,False,True,False,False,False,False,False,False,False,False,b729d19b-ac87-4538-b81a-fed03e286c8a
267,./data/images/7852ed2e-6da0-4fbd-b993-43abc782d4eb.jpg,True,False,False,True,False,False,False,False,False,False,False,False,False,False,False,False,7852ed2e-6da0-4fbd-b993-43abc782d4eb
268,./data/images/c36e59e4-7638-4208-a6b3-9b107323cac4.jpg,True,False,False,False,False,False,True,False,False,False,False,False,False,False,False,False,c36e59e4-7638-4208-a6b3-9b107323cac4
269,./data/images/324b7e9b-3e55-43f8-b044-d2bcb165d2e9.jpg,True,False,False,False,False,False,False,False,False,False,False,False,False,True,False,False,324b7e9b-3e55-43f8-b044-d2bcb165d2e9
270,./data/images/755fe87c-b1cf-4452-a700-da38c3cf1932.jpg,True,False,False,False,False,False,False,False,False,False,False,True,False,False,False,False,755fe87c-b1cf-4452-a700-da38c3cf1932
271,./data/images/e443d75c-d2ab-4928-b88e-27de372d7b72.jpg,True,False,False,False,False,False,False,False,False,False,False,True,False,False,False,False,e443d75c-d2ab-4928-b88e-27de372d7b72
272,./data/images/a944bc7b-d576-4916-af09-282f9d992bd9.jpg,True,False,False,False,False,False,False,True,False,False,False,False,False,False,False,False,a944bc7b-d576-4916-af09-282f9d992bd9
273,./data/images/4ad14c88-304a-4d67-b1c8-2033b20701c0.jpg,True,False,False,False,False,False,False,False,False,False,False,True,False,False,False,False,4ad14c88-304a-4d67-b1c8-2033b20701c0
274,./data/images/aeb6f224-a118-491c-8e3a-28502833d3f5.jpg,True,False,False,False,False,False,False,False,True,False,False,False,False,False,False,False,aeb6f224-a118-491c-8e3a-28502833d3f5
275,./data/images/4fc4f76e-e1c9-421c-9e70-21171ca24db8.jpg,True,False,False,False,False,False,False,True,False,False,False,False,False,False,False,False,4fc4f76e-e1c9-421c-9e70-21171ca24db8
276,./data/images/03ed949c-5225-479e-a0af-77b7ad1c3e53.jpg,True,False,False,True,False,False,False,False,False,False,False,False,False,False,False,False,03ed949c-5225-479e-a0af-77b7ad1c3e53
277,./data/images/a7c925b3-4d41-41e8-a178-717b1057f7c4.jpg,True,False,False,False,False,False,False,False,False,False,False,False,False,True,False,False,a7c925b3-4d41-41e8-a178-717b1057f7c4
278,./data/images/35687026-6ace-40eb-ac7c-a4a4c93e4833.jpg,True,False,False,False,False,False,False,False,False,False,False,True,False,False,False,False,35687026-6ace-40eb-ac7c-a4a4c93e4833
279,./data/images/d4397819-2867-4616-b842-9c7dba3c8697.jpg,True,False,False,False,False,False,False,False,False,False,False,False,False,True,False,False,d4397819-2867-4616-b842-9c7dba3c8697
280,./data/images/99059232-da52-4ccc-a76f-f7572a57e01d.jpg,True,False,False,False,False,False,False,True,False,False,False,False,False,False,False,False,99059232-da52-4ccc-a76f-f7572a57e01d
281,./data/images/255541da-8117-49f3-9b26-033c21e37abb.jpg,True,False,False,False,False,False,False,False,False,False,False,True,False,False,False,False,255541da-8117-49f3-9b26-033c21e37abb
282,./data/images/13c36645-2724-4933-877e-11ea1e964c37.jpg,True,True,False,False,False,False,False,False,False,False,False,False,False,False,False,False,13c36645-2724-4933-877e-11ea1e964c37
283,./data/images/066ea44a-af30-4b5e-9b9b-5f3c2abbfd19.jpg,True,True,False,False,False,False,False,False,False,False,False,False,False,False,False,False,066ea44a-af30-4b5e-9b9b-5f3c2abbfd19
284,./data/images/c53475e8-04b4-4586-ae4f-ffbe956942c1.jpg,True,False,False,False,False,False,False,False,False,False,False,False,False,True,False,False,c53475e8-04b4-4586-ae4f-ffbe956942c1
285,./data/images/b41e1121-7cfe-4c75-bd7e-9aac529fda50.jpg,True,False,False,False,False,False,False,False,False,False,False,False,False,True,False,False,b41e1121-7cfe-4c75-bd7e-9aac529fda50
286,./data/images/d4b200b8-8bc8-4f4a-b453-43cf7eb0232d.jpg,True,False,True,False,False,False,False,False,False,False,False,False,False,False,False,False,d4b200b8-8bc8-4f4a-b453-43cf7eb0232d
287,./data/images/32c25976-6c8f-401a-960e-3fab97df6ee6.jpg,True,False,False,False,False,False,False,False,False,False,False,True,False,False,False,False,32c25976-6c8f-401a-960e-3fab97df6ee6
288,./data/images/b297618d-a412-434e-91c0-eb7710f7abba.jpg,True,True,False,False,False,False,False,False,False,False,False,False,False,False,False,False,b297618d-a412-434e-91c0-eb7710f7abba
289,./data/images/d51f5f14-174a-4718-8a73-f62281ede53c.jpg,True,False,False,False,True,False,False,False,False,False,False,False,False,False,False,False,d51f5f14-174a-4718-8a73-f62281ede53c
290,./data/images/aa923877-8ddc-44f8-9b8b-e1756a72add3.jpg,True,False,False,True,False,False,False,False,False,False,False,False,False,False,False,False,aa923877-8ddc-44f8-9b8b-e1756a72add3
291,./data/images/5bad7b8a-3acf-4b96-9e8f-323bd368c841.jpg,True,False,False,False,False,False,False,False,False,False,False,True,False,False,False,False,5bad7b8a-3acf-4b96-9e8f-323bd368c841
292,./data/images/8aaf9309-b194-4e07-9a4b-be4516807674.jpg,True,False,True,False,False,False,False,False,False,False,False,False,False,False,False,False,8aaf9309-b194-4e07-9a4b-be4516807674
293,./data/images/43788daf-6f2e-4072-98db-eee7918dbff4.jpg,True,False,False,False,False,False,False,False,False,False,False,False,False,False,False,True,43788daf-6f2e-4072-98db-eee7918dbff4
294,./data/images/0dacec4a-efec-4544-8efc-b89d8e21fc36.jpg,True,False,False,False,False,False,False,True,False,False,False,False,False,False,False,False,0dacec4a-efec-4544-8efc-b89d8e21fc36
295,./data/images/38439694-982b-4dfc-b861-692fce14c269.jpg,True,False,False,False,False,False,False,False,False,False,False,True,False,False,False,False,38439694-982b-4dfc-b861-692fce14c269
296,./data/images/5273e062-ff0e-4b32-a1f5-ee732df0b18b.jpg,True,True,False,False,False,False,False,False,False,False,False,False,False,False,False,False,5273e062-ff0e-4b32-a1f5-ee732df0b18b
297,./data/images/c62b739a-5808-408a-92b3-dd8af0fdd5a2.jpg,True,False,False,False,False,False,False,False,False,False,False,False,False,True,False,False,c62b739a-5808-408a-92b3-dd8af0fdd5a2
298,./data/images/ec41e4d8-9a00-4c8a-bd35-14dbafe09fad.jpg,True,False,False,False,False,False,False,False,False,False,False,True,False,False,False,False,ec41e4d8-9a00-4c8a-bd35-14dbafe09fad
299,./data/images/23d37a3b-5230-47d9-a908-64b1db8bad62.jpg,True,False,False,False,False,False,False,False,True,False,False,False,False,False,False,False,23d37a3b-5230-47d9-a908-64b1db8bad62
