uuid,human_frame_0,human_frame_1,human_frame_2,human_frame_3,human_frame_4,all_human_frames
0074f73a-d30e-44dd-9400-2647d1831068,,,,none,"quality of life, health and safety, economic","none, quality of life, health and safety, economic"
00a081b7-e1e5-4232-9b12-cd6a61a2f8c2,,,,none,health and safety,"none, health and safety"
00ba838f-e9fd-4b52-9004-e007cd5c79db,morality,none,,,,"morality, none"
012a28c8-7c34-4ea1-85b9-42df2166f7b7,,,none,,,none
01ef38ef-868a-41d1-89b7-4c6d2cfa4ecc,,,,none,none,"none, none"
02617f60-612f-45e6-aed1-d37273f9b188,,,,none,health and safety,"none, health and safety"
0294cf33-eab1-43e3-b202-a4371b63ea0c,,,,cultural identity,none,"cultural identity, none"
031a70fb-6456-4dd2-b966-196411352b7d,,,none,crime and punishment,crime and punishment,"none, crime and punishment, crime and punishment"
03ed949c-5225-479e-a0af-77b7ad1c3e53,political,political,,,,"political, political"
043e93da-5691-443b-ac8e-3537f43d37c6,,,,health and safety,none,"health and safety, none"
04420fb0-8479-4b4d-b014-27408a4b0bd2,,,none,,,none
04ad1d76-8550-4634-9d10-e710ac4a2ca6,,,none,,,none
04e9dcb6-9e87-4199-bbf2-6cd8e2bedf35,,,,none,"security and defense, public opinion","none, security and defense, public opinion"
04ed88e0-17f6-4bfd-8fea-c37d02b06cf1,,,,quality of life,"quality of life, economic","quality of life, quality of life, economic"
05151fc8-458a-4ff8-bf54-2c7541f544bd,public opinion,"public opinion, cultural identity",,,,"public opinion, public opinion, cultural identity"
05b0ad03-dec7-4a9d-9a0a-5907d80e5d10,,,,crime and punishment,health and safety,"crime and punishment, health and safety"
05d345cc-f034-4b2c-9b21-461b3b6ec1bb,health and safety,none,,,,"health and safety, none"
061025bd-8bd6-40d1-be95-c83a5db46ccd,security and defense,health and safety,,,,"security and defense, health and safety"
066ea44a-af30-4b5e-9b9b-5f3c2abbfd19,quality of life,none,,,,"quality of life, none"
07b3ba99-a24a-4bde-941c-edad1a0177b7,,,,none,"fairness and equality, legality_constitutionality_jurisprudence, morality, public opinion, cultural identity, crime and punishment","none, fairness and equality, legality_constitutionality_jurisprudence, morality, public opinion, cultural identity, crime and punishment"
07ea3129-14c4-4918-8848-655ace57f517,,,,cultural identity,"morality, cultural identity","cultural identity, morality, cultural identity"
07f21bb9-00b5-4dd1-92bc-4e27ca74e4b3,,,,cultural identity,capacity and resources,"cultural identity, capacity and resources"
080411d9-41cd-40e2-b0ca-d530e55173ac,,,none,,,none
089a28c6-1de0-4904-9058-f3930cd1188c,political,political,,,,"political, political"
0911b762-237c-4f1b-99e5-7637cbaed46a,,,,political,"political, economic","political, political, economic"
09374bdd-b16d-439b-b94c-3bb69027ab5e,,,,none,health and safety,"none, health and safety"
099cf0bf-d7a9-4412-9097-c309ff57b791,economic,none,,,,"economic, none"
09a8c148-ac95-42c0-aefb-a1aab286851f,,,,cultural identity,"political, public opinion, cultural identity","cultural identity, political, public opinion, cultural identity"
0a2780ef-bdaa-4a1e-9a4f-fac7e5003137,,,,none,"capacity and resources, economic","none, capacity and resources, economic"
0a49b3e1-dad9-4856-9fc5-bc515730eb92,political,capacity and resources,,,,"political, capacity and resources"
0a6a65fe-1529-46b2-a301-354dfa34f315,health and safety,health and safety,health and safety,,,"health and safety, health and safety, health and safety"
0b328272-6b74-4022-a2af-c812872a4926,political,political,,,,"political, political"
0b3aa94d-f3c7-4dab-9790-73761573d46f,,,none,,,none
0bbc2741-129c-4f1a-bbd7-043be994ef70,,,,none,"health and safety, cultural identity","none, health and safety, cultural identity"
0be9b862-0e8b-4098-975d-382d2dd8dfa0,crime and punishment,crime and punishment,security and defense,,,"crime and punishment, crime and punishment, security and defense"
0ca56725-d093-480e-9d9e-cc3cb227a0f9,,,none,,,none
0cf7b3de-2f40-43a6-bf33-996ae27fafce,,,,quality of life,none,"quality of life, none"
0dacec4a-efec-4544-8efc-b89d8e21fc36,none,cultural identity,,,,"none, cultural identity"
0df831bd-aa37-43a1-969b-04a18d3b279a,none,none,,,,"none, none"
0e5f3b4e-1080-483b-8a78-7a2c4559b293,,,"quality of life, economic",,,"quality of life, economic"
0ea38199-caed-41ca-958d-d1dbc0501678,,,,public opinion,cultural identity,"public opinion, cultural identity"
0f1cb1f4-6797-4e8d-a03c-77a5ed5f2699,political,quality of life,,,,"political, quality of life"
0fc475fe-8b57-4e3e-894a-d6be537130c0,economic,health and safety,,,,"economic, health and safety"
0fcfd8e3-c706-4021-8bd4-0e95a1be4c02,,,,none,"quality of life, health and safety, cultural identity","none, quality of life, health and safety, cultural identity"
103d3bb9-8316-490c-a01d-c3c04236f8ef,,,,cultural identity,cultural identity,"cultural identity, cultural identity"
11058a8a-af11-41db-8086-94fa0f11114c,,,cultural identity,,,cultural identity
1141988d-e3f5-40b5-b049-40f22c5b4456,,,,none,"political, security and defense, public opinion","none, political, security and defense, public opinion"
1155c6db-cbe7-4ddb-8734-77a00bcc9356,cultural identity,cultural identity,,,,"cultural identity, cultural identity"
11bc8b70-3aee-49e6-8341-c9b3274763e2,,,none,,,none
11cc37cf-5dd4-44b2-8545-68e6d8d382ae,quality of life,none,,,,"quality of life, none"
122011db-8be7-4ac4-b4c7-a00e65984475,none,none,,,,"none, none"
12611745-bd10-4e23-8906-9be4a0b0b1e8,,,,none,"capacity and resources, political, security and defense, fairness and equality, legality_constitutionality_jurisprudence, economic","none, capacity and resources, political, security and defense, fairness and equality, legality_constitutionality_jurisprudence, economic"
12821fad-8a17-4dfe-bdf9-0720182ded14,,,,security and defense,health and safety,"security and defense, health and safety"
12f322df-fedd-47c9-a734-32962aebc1c7,political,"security and defense, cultural identity",,,,"political, security and defense, cultural identity"
131f5de7-d7bc-48e5-8af8-e06ad9dfeec8,,,,cultural identity,none,"cultural identity, none"
132275f5-9a13-45c2-af3c-2dc954f10c1b,,,cultural identity,,,cultural identity
13b599f3-89bb-4b45-af51-28c0c202e905,,,quality of life,,,quality of life
13c36645-2724-4933-877e-11ea1e964c37,quality of life,none,,,,"quality of life, none"
1403304e-bd52-430b-b68c-24e491b64264,,,"quality of life, economic",,,"quality of life, economic"
146e7630-f2da-4d3b-990a-6a3eef9972ca,none,cultural identity,,,,"none, cultural identity"
1470c8c3-978b-460a-897f-26f9301559de,,,cultural identity,,,cultural identity
1471094b-e237-4d24-ae24-2e25ae386f17,none,cultural identity,,,,"none, cultural identity"
14a36f44-2e64-4041-9a3c-68fd0238489d,,,none,,,none
14e25239-c0e5-4c3e-b65b-35017e456c20,,,political,,,political
14f8231d-54ac-4a81-a336-001d7d14b733,,,security and defense,,,security and defense
1550bc4c-68cd-47c1-b04f-f5b5f524976e,quality of life,none,,,,"quality of life, none"
15625a74-65a8-4073-ab64-eee86671e14f,,,political,,,political
156506c2-5e1c-4dc6-bcd5-be76061aef6a,,,quality of life,,,quality of life
15b7c1b6-b38c-46ec-aa9b-86a13c47917b,,,economic,,,economic
161a041b-0885-44ed-ad69-4aa6256c1857,,,,quality of life,"quality of life, economic","quality of life, quality of life, economic"
16597d6b-9a88-4c66-b5b9-3981a9100aaa,public opinion,public opinion,,,,"public opinion, public opinion"
1670efd4-b133-4e13-87f9-df572b002e08,,,,economic,"quality of life, economic","economic, quality of life, economic"
167b6dc7-e472-4564-9761-04ab94ef281f,,,,health and safety,health and safety,"health and safety, health and safety"
16a91e31-9344-45db-9d4c-21d5fce043b4,,,none,,,none
17392dcb-0570-4728-b8cf-635c6caf5345,economic,none,,,,"economic, none"
177c7db1-9950-41d0-8a9c-336605fc4418,public opinion,"public opinion, cultural identity","political, public opinion",,,"public opinion, public opinion, cultural identity, political, public opinion"
182e50c3-8a27-47fa-b2c4-7c65e73a825c,,,,none,none,"none, none"
18c19e01-7aef-42ef-b2ad-30b4a634a0a6,,,none,,,none
198f386d-dd9e-474e-bc70-e49da71ec5b9,economic,none,,,,"economic, none"
19cc4b22-1ccb-4290-9e20-90424f219380,,,,health and safety,"quality of life, security and defense, economic, crime and punishment","health and safety, quality of life, security and defense, economic, crime and punishment"
19f55748-715b-4422-8d1b-de6c94747acd,economic,none,none,,,"economic, none, none"
1a02ce8d-02e8-46d9-9b63-a1ad3043e966,,,,"capacity and resources, economic",security and defense,"capacity and resources, economic, security and defense"
1a118cab-d396-44e8-aa88-a161fb7ccb9e,,,,none,cultural identity,"none, cultural identity"
1a1a5fb8-a108-4e43-8f7f-481e366a2490,,,health and safety,,,health and safety
1a780e46-ff21-40e5-83e3-6c9216898e78,,,"quality of life, cultural identity",,,"quality of life, cultural identity"
1abb96e0-f965-49ae-b694-829de0c7a959,,,none,public opinion,"security and defense, health and safety, public opinion, external regulation and reputation","none, public opinion, security and defense, health and safety, public opinion, external regulation and reputation"
1b3040c1-8cfb-4668-afd4-fc4a116611f4,,,,quality of life,policy prescription and evaluation,"quality of life, policy prescription and evaluation"
1bbf1867-d074-4cde-a551-3f2d9358d990,,,security and defense,,,security and defense
1bec9272-acdf-403a-b45b-ff32839a1641,,,,quality of life,none,"quality of life, none"
1c0a438f-475b-41d5-a0a9-316b833cc8e0,,,,none,"security and defense, health and safety","none, security and defense, health and safety"
1c42b050-c4ae-44a6-8fe6-ae07f78d8f95,,,"security and defense, crime and punishment",,,"security and defense, crime and punishment"
1cc0e435-54d7-443e-8bd4-f6b7840f03f7,quality of life,quality of life,,,,"quality of life, quality of life"
1cc49635-883f-408d-86b0-17ed6c9325f3,,,none,,,none
1de39a8b-4ca7-43d1-b0f5-518404ab63af,health and safety,health and safety,,,,"health and safety, health and safety"
1e34c07c-0625-43b2-9616-7cb935829cca,political,political,,,,"political, political"
1e6e93cf-cd6c-40b3-9d59-de466fb4033f,political,quality of life,,,,"political, quality of life"
1eb7eda6-a825-4ee1-a2b4-71dfa3154312,,,,cultural identity,cultural identity,"cultural identity, cultural identity"
1ec54065-eb7d-45d9-b9ec-2abc4134df5b,,,none,none,none,"none, none, none"
1efc80ca-058b-4756-8285-25c9732282df,,,cultural identity,,,cultural identity
1fa71cc5-8e50-400a-8a73-e4e3f11d194b,economic,none,,,,"economic, none"
1fbfe99c-b8a7-42e1-a125-99d741cf5469,,,,public opinion,"public opinion, cultural identity","public opinion, public opinion, cultural identity"
1fd26d7d-11dd-4b2b-8f4d-f293eb02a29a,,,,"political, security and defense","capacity and resources, security and defense, economic, cultural identity, crime and punishment","political, security and defense, capacity and resources, security and defense, economic, cultural identity, crime and punishment"
201e88e2-77e3-4999-99db-a7681e56ad6f,,,security and defense,,,security and defense
211fcb2b-dc83-45c1-8bcd-e9e34ea8ec46,quality of life,quality of life,quality of life,,,"quality of life, quality of life, quality of life"
2259de42-57b8-4ef8-a5a1-a9f5422aa789,morality,"morality, cultural identity","morality, cultural identity",,,"morality, morality, cultural identity, morality, cultural identity"
226e7962-3165-4a30-b2d8-f264f1bf1ff6,cultural identity,none,,,,"cultural identity, none"
22d09d53-859d-4139-8b77-4643790aa851,public opinion,"fairness and equality, public opinion",,,,"public opinion, fairness and equality, public opinion"
234ff4ab-0f3a-4d80-a75a-12a86f8a23c0,public opinion,none,,,,"public opinion, none"
23d37a3b-5230-47d9-a908-64b1db8bad62,health and safety,none,,,,"health and safety, none"
2438b4fe-f045-4bd9-8483-946325033548,political,political,,,,"political, political"
247b2870-a773-4a7d-bf42-7c824580a5aa,,,none,,,none
247e332d-2aaf-4a48-9e57-8482a9874f9a,,,health and safety,,,health and safety
24c24d85-afa6-4776-a16a-ef5f11beabf1,none,none,,,,"none, none"
255541da-8117-49f3-9b26-033c21e37abb,economic,none,,,,"economic, none"
256331b6-a8eb-4f82-be18-2c68e2655f10,,,,none,"economic, cultural identity","none, economic, cultural identity"
266221e4-bdf5-470b-933b-7ab1f01ae28c,,,,none,"economic, cultural identity","none, economic, cultural identity"
269ca2c9-fb52-4710-bc1f-ccacd70c40bb,,,cultural identity,,,cultural identity
2736105e-7edc-4b6c-9570-2059d6c3a0d4,crime and punishment,crime and punishment,,,,"crime and punishment, crime and punishment"
273c6780-9acf-4ee3-a31e-e286d941994b,quality of life,"quality of life, cultural identity",,,,"quality of life, quality of life, cultural identity"
280c3abb-bfd8-4090-9777-4b330351ccb6,health and safety,quality of life,,,,"health and safety, quality of life"
28e45f2b-7bf9-4441-a3a1-aaed7c6151ff,,,,none,political,"none, political"
29f11445-8424-4afb-a331-0814275b5a87,political,none,,,,"political, none"
2a8e7780-39d0-4f4b-9eca-7a8a0be703ea,public opinion,fairness and equality,,,,"public opinion, fairness and equality"
2aafef60-a3e5-45a0-8ccd-deda729c416d,,,,none,"capacity and resources, external regulation and reputation","none, capacity and resources, external regulation and reputation"
2afdcc0c-a0ab-4942-a6f0-252b18790c99,,,,none,none,"none, none"
2b6c0ba0-9883-4bae-a700-5d2a201e5de9,,,none,,,none
2b8a5458-a0cf-4b5c-bb18-4035760dfd82,health and safety,"quality of life, health and safety",,,,"health and safety, quality of life, health and safety"
2be5b479-7954-4727-bc75-65ae787800fe,political,none,,,,"political, none"
2bec4b04-01d3-4b01-8328-acde4f069a1b,,,,none,"security and defense, health and safety","none, security and defense, health and safety"
2c53e957-02de-4ef3-bf10-ae4768b77009,,,"political, public opinion",,,"political, public opinion"
2c68dda3-ab53-469a-bcd4-21f032127301,political,political,"political, cultural identity, external regulation and reputation",,,"political, political, political, cultural identity, external regulation and reputation"
2c79ab0c-3445-4be5-bce4-945ff1e47da2,,,,none,political,"none, political"
2d1c4aab-0a4d-4bad-b00f-1dcbb88d1e35,,,none,none,"quality of life, security and defense, health and safety, economic","none, none, quality of life, security and defense, health and safety, economic"
2d26ab26-4bf7-42fd-b067-12316da20ade,,,none,political,political,"none, political, political"
2dbb392f-fce4-489b-aa95-c9b00030b7d8,health and safety,none,none,,,"health and safety, none, none"
2dbfbf66-3d77-4999-b7ef-5a1d40aa04e1,political,political,,,,"political, political"
2dbfef46-9007-4f91-81b8-e2f424a5d129,,,,none,"quality of life, public opinion, cultural identity","none, quality of life, public opinion, cultural identity"
2dc3ce67-3549-41f5-a4d1-6fc67baa8f68,,,none,none,economic,"none, none, economic"
2e54fabe-5901-4294-a3d4-8c1b462cfa36,political,legality_constitutionality_jurisprudence,policy prescription and evaluation,,,"political, legality_constitutionality_jurisprudence, policy prescription and evaluation"
2e768c98-b3b2-44f2-ba4b-841ab96832ef,none,none,,,,"none, none"
2eef5d28-1c66-4deb-859b-288703a5280c,,,"political, security and defense, morality",,,"political, security and defense, morality"
2f86d516-e78e-49fa-89e4-fc1bdf7076b2,,,political,,,political
2fffc246-866d-4dc4-affc-2b77d0aa6942,,,,cultural identity,none,"cultural identity, none"
3012df5e-1f31-4cb7-b16e-3d627aa770e8,,,quality of life,none,quality of life,"quality of life, none, quality of life"
30b34e40-e295-4f41-8dfa-9db98d94112b,,,none,,,none
30d97d69-661c-4cb4-947f-fe27a173fe4a,none,,,,,"none, "
314ffff6-f245-4348-abaa-06bfea90efee,political,"health and safety, public opinion",,,,"political, health and safety, public opinion"
3167b153-9baa-4b55-8e0d-16f5c1e00cac,political,"quality of life, cultural identity",,,,"political, quality of life, cultural identity"
3172e72c-04ff-47b1-9666-e0fa84b8d8b6,,,none,,,none
324b7e9b-3e55-43f8-b044-d2bcb165d2e9,cultural identity,cultural identity,,,,"cultural identity, cultural identity"
3265bda5-e829-4012-8783-abb64e8e63a2,,,"quality of life, cultural identity",,,"quality of life, cultural identity"
32c25976-6c8f-401a-960e-3fab97df6ee6,economic,none,,,,"economic, none"
333237dc-c2e5-4dea-885b-3211c4b85374,economic,economic,,,,"economic, economic"
33f23736-1ca3-44c3-bf16-9002e61b668f,economic,none,,,,"economic, none"
34398346-0f86-4d9e-bcd9-edda8efa34cb,,,cultural identity,,,cultural identity
3466c671-aa86-4fa3-a71a-2ccef3a23df4,,,,none,economic,"none, economic"
35687026-6ace-40eb-ac7c-a4a4c93e4833,economic,none,,,,"economic, none"
35a352f2-a52c-49aa-af63-b68e382c580f,health and safety,capacity and resources,,,,"health and safety, capacity and resources"
35c2f38b-1624-4eb4-8f4f-9dab21570cb1,,,,none,cultural identity,"none, cultural identity"
3610905c-439f-4d13-b234-6eea3345bf5c,,,public opinion,,,public opinion
365b03c8-4d1f-43ed-abd7-cc69006fd524,security and defense,health and safety,,,,"security and defense, health and safety"
374b0c40-6a93-4110-b6ec-729b5ff55c3b,capacity and resources,"quality of life, cultural identity",,,,"capacity and resources, quality of life, cultural identity"
3787451f-7fe2-4991-b7e6-e164fa785bd6,,,political,,,political
38439694-982b-4dfc-b861-692fce14c269,economic,none,,,,"economic, none"
38bb4759-6b5c-4f61-80b2-01c72bdc995e,quality of life,none,,,,"quality of life, none"
3929eead-b3aa-4ac5-8647-46d86240bf3a,political,political,,,,"political, political"
395c6ac1-c7e7-440d-a2cb-2d0af9aaefc7,economic,none,,,,"economic, none"
39d19f9c-3794-4c45-9040-43e869074feb,,,,cultural identity,cultural identity,"cultural identity, cultural identity"
3b9d6948-7b1e-4008-97b9-5d331edae91a,,,"fairness and equality, public opinion",,,"fairness and equality, public opinion"
3ba12c49-56ac-4eed-bf9a-fbb3c471d8cd,,,,health and safety,cultural identity,"health and safety, cultural identity"
3c0d0c20-fa8a-4555-bffb-86f6c6b47a61,,,none,,,none
3c260fa2-9bb4-4337-84db-07a497160a1f,,,,economic,"quality of life, economic","economic, quality of life, economic"
3c2f7097-6642-4323-92ed-c4ccfbc0e722,,,,public opinion,public opinion,"public opinion, public opinion"
3cdb486f-e05c-4182-a8e9-32ff07053912,health and safety,health and safety,,,,"health and safety, health and safety"
3d63c347-dfa5-4bed-8a2b-6e8412e9662e,,,none,,,none
3e544452-3468-4705-a6f3-74e5ffb87c90,,,,political,"quality of life, capacity and resources, political, security and defense, policy prescription and evaluation, fairness and equality, health and safety, legality_constitutionality_jurisprudence, morality, economic, public opinion, cultural identity, external regulation and reputation, crime and punishment","political, quality of life, capacity and resources, political, security and defense, policy prescription and evaluation, fairness and equality, health and safety, legality_constitutionality_jurisprudence, morality, economic, public opinion, cultural identity, external regulation and reputation, crime and punishment"
3ee50edd-0e03-4222-a525-3b7b3a05b426,,,political,,,political
3f425548-afb8-49f7-9c58-9b2542afb840,,,none,,,none
3fe4c516-85d1-4b66-9aff-79287ac5f058,economic,quality of life,,,,"economic, quality of life"
41273d80-164d-47de-b627-324411262681,,,,crime and punishment,crime and punishment,"crime and punishment, crime and punishment"
415103cb-c19f-4cee-a675-31d9a8d09806,none,none,,,,"none, none"
417b5a6a-00d7-4aea-9b53-f40f61dba66d,morality,none,,,,"morality, none"
42fcaa69-110d-40c0-9493-8dd4215f5129,,,,none,health and safety,"none, health and safety"
433a4ec3-794b-4515-8521-8fd9c94285c2,public opinion,"political, security and defense, public opinion",,,,"public opinion, political, security and defense, public opinion"
43788daf-6f2e-4072-98db-eee7918dbff4,crime and punishment,crime and punishment,,,,"crime and punishment, crime and punishment"
43b877c8-0bd8-4528-9344-253fcbdf9f51,,,,political,none,"political, none"
447e9b7c-8972-4129-b3e7-7636e6dbdea6,crime and punishment,health and safety,,,,"crime and punishment, health and safety"
44aedfab-c8c2-48fa-a1eb-ecb79270ca5e,economic,economic,,,,"economic, economic"
44db3fe6-50f6-42a0-a6e0-0bd83fc901d5,quality of life,none,,,,"quality of life, none"
454ad364-9fd6-4728-8404-e3bcbb8c2382,political,political,,,,"political, political"
455b0d9d-f032-4280-9258-d5a1f2cfca2b,,,,none,health and safety,"none, health and safety"
45a4e5b0-12bc-43ec-a74e-f4d957f10bbe,,,none,none,health and safety,"none, none, health and safety"
46f5211b-a566-40b9-b069-a65dc0c00aec,,,,none,public opinion,"none, public opinion"
46f8fdfb-ae90-4caf-a3d0-09db17900d30,,,,none,public opinion,"none, public opinion"
4748ad8e-3094-4cbb-b86f-1de49293eca7,,,,none,none,"none, none"
474c63af-93a2-4779-aae3-15b59dabb3ad,,,"security and defense, crime and punishment",,,"security and defense, crime and punishment"
483f822f-d464-49d0-a0ec-20dfcb6b3d10,crime and punishment,none,none,,,"crime and punishment, none, none"
485c63fb-df66-4de5-b6f8-6128407d17c7,political,political,"political, external regulation and reputation",,,"political, political, political, external regulation and reputation"
488c0f3a-f5c5-4e1d-bda6-d9cc4f32623d,none,none,,,,"none, none"
48ef90d7-5bbd-4d21-aa37-67e595a3f89d,none,none,,,,"none, none"
4909c835-d1fb-45d2-8de6-6d7dd7a87ddf,economic,none,,,,"economic, none"
4913f1de-9d5d-47dd-a1d3-5303c24f6fcd,,,,none,economic,"none, economic"
495f71b3-ab3f-4276-a39d-11a28c3aa030,,,,none,none,"none, none"
49935d2d-87ba-425b-b12b-72c52bdffa8d,none,none,,,,"none, none"
49f2aa62-a79e-4d89-99f0-2f05e6b23d25,,,quality of life,,,quality of life
4a0758a1-34d8-4167-abe6-d1aaf66e665a,,,,none,public opinion,"none, public opinion"
4a19db3a-3b05-45cf-b2aa-8765630fb314,,,,economic,economic,"economic, economic"
4a779cef-5558-4237-ba2e-76bad774356a,crime and punishment,crime and punishment,,,,"crime and punishment, crime and punishment"
4a87b049-0127-46c4-bceb-15a1fd24cef7,,,political,political,"quality of life, capacity and resources, political, security and defense, policy prescription and evaluation, fairness and equality, health and safety, legality_constitutionality_jurisprudence, morality, economic, public opinion, cultural identity, external regulation and reputation, crime and punishment","political, political, quality of life, capacity and resources, political, security and defense, policy prescription and evaluation, fairness and equality, health and safety, legality_constitutionality_jurisprudence, morality, economic, public opinion, cultural identity, external regulation and reputation, crime and punishment"
4a982030-c6b6-463b-93d1-8c12bcdf9edf,cultural identity,none,,,,"cultural identity, none"
4a9fa461-3cd7-46bd-8c00-d943ea85b159,,,,none,none,"none, none"
4ac0ecb7-025c-4491-b292-0b3d8f7c7193,,,"political, public opinion",,,"political, public opinion"
4ad14c88-304a-4d67-b1c8-2033b20701c0,economic,none,,,,"economic, none"
4b17430a-02cb-45ad-b710-b20ad17071e8,,,,none,cultural identity,"none, cultural identity"
4b63ac86-5aed-4da2-a522-e8a9fbbe65f4,quality of life,none,,,,"quality of life, none"
4b69c8f5-86b6-4a86-8443-ea7718e83626,none,none,none,,,"none, none, none"
4b8498d1-432f-46f6-b303-05befb59c62d,economic,none,,,,"economic, none"
4b912008-08c7-448c-908b-520bff3f3312,,,,none,none,"none, none"
4b9ec936-ba33-49ae-a944-6503ea34b313,,,"political, security and defense, fairness and equality, public opinion",,,"political, security and defense, fairness and equality, public opinion"
4ba323b0-8a84-4027-a5a9-d48b8346e4ba,,,,cultural identity,cultural identity,"cultural identity, cultural identity"
4bfeb0bb-aa75-4a7a-bcae-d1a4a4350c46,,,none,,,none
4c1ed2e6-cf5c-4bbd-a996-24e948d9b272,,,"policy prescription and evaluation, public opinion",,,"policy prescription and evaluation, public opinion"
4c3a830a-eb76-43d6-a09e-75799e8e031d,,,,none,"quality of life, security and defense, health and safety","none, quality of life, security and defense, health and safety"
4c7c759d-514d-483c-ba5f-3c004368bc0f,,,security and defense,,,security and defense
4c890f0d-6385-449e-a518-0b7bf03ff3f6,,,none,none,political,"none, none, political"
4d354a22-b2c7-4015-ad08-7f10e458cd87,,,"security and defense, crime and punishment",,,"security and defense, crime and punishment"
4d393822-3ea4-4501-ba66-3fea101c9a9a,quality of life,quality of life,,,,"quality of life, quality of life"
4e1dfb81-735e-4597-93f9-e9722d12806a,,,,health and safety,"quality of life, security and defense, health and safety, public opinion","health and safety, quality of life, security and defense, health and safety, public opinion"
4e5b14c4-abfa-47ee-a52c-7037ff799a4d,,,cultural identity,,,cultural identity
4eb0d38f-3944-46e7-8b5d-b6076acdefdd,,,cultural identity,cultural identity,cultural identity,"cultural identity, cultural identity, cultural identity"
4f1a97dc-8d2c-4ca9-a567-6ac18ad5d64d,,,,political,"quality of life, capacity and resources, political, security and defense, policy prescription and evaluation, fairness and equality, health and safety, legality_constitutionality_jurisprudence, morality, economic, public opinion, cultural identity, external regulation and reputation, crime and punishment","political, quality of life, capacity and resources, political, security and defense, policy prescription and evaluation, fairness and equality, health and safety, legality_constitutionality_jurisprudence, morality, economic, public opinion, cultural identity, external regulation and reputation, crime and punishment"
4fc4f76e-e1c9-421c-9e70-21171ca24db8,none,none,,,,"none, none"
4fc8975b-8119-4c50-b5b6-305767bdd85c,,,,none,"economic, cultural identity","none, economic, cultural identity"
50520277-4efc-419c-8406-05441cf74848,political,political,,,,"political, political"
5061ebf7-cf82-43c9-a079-d34d94506e33,health and safety,none,,,,"health and safety, none"
5079dd32-a048-48fb-a3aa-79012610c750,,,,none,economic,"none, economic"
50d183f3-81ee-493c-8206-0ba8f46d047c,,,none,,,none
50edf513-e959-418f-b151-2997fb2f4f75,,,external regulation and reputation,,,external regulation and reputation
50f1381f-34e6-4f75-bde1-1bc2e9dff7d5,,,,none,cultural identity,"none, cultural identity"
5100d817-1741-4451-8fcb-ea0fb71430b8,quality of life,none,,,,"quality of life, none"
5141d64c-1566-4529-84c2-210ce3f7d6e4,,,cultural identity,cultural identity,"economic, cultural identity","cultural identity, cultural identity, economic, cultural identity"
5147718c-60ee-4676-a09e-ad25b95bd344,,,economic,,,economic
51eed6aa-9446-41c3-9e21-30eaa2406b9b,,,none,,,none
52480f35-d4ea-4132-a4f6-787de16b0828,,,,none,economic,"none, economic"
5256f8cb-6f42-4ffd-8f7b-745fcaefd75f,health and safety,none,,,,"health and safety, none"
5273e062-ff0e-4b32-a1f5-ee732df0b18b,quality of life,none,,,,"quality of life, none"
52e1be32-638e-4115-a78d-aff58e014a58,quality of life,quality of life,,,,"quality of life, quality of life"
532c44f2-23eb-42bd-a68a-4edd18608e66,political,political,,,,"political, political"
54100bb0-bb43-4ea2-87bf-1c2467de53d3,,,none,,,none
54a0b6f4-42f8-46a1-9161-1163529d5c5d,,,,health and safety,"quality of life, health and safety, economic","health and safety, quality of life, health and safety, economic"
54cfd321-f54b-4915-8b57-6b724e21fc1b,,,,cultural identity,"morality, cultural identity","cultural identity, morality, cultural identity"
54d1164f-fdd0-4392-a84b-9bb70d4a68ca,cultural identity,none,,,,"cultural identity, none"
54dfad0b-2bf1-42d3-b826-436753a70d5a,,,,none,none,"none, none"
54f2d5cb-b1f7-4a28-a3c9-52b69a1686ef,fairness and equality,health and safety,health and safety,,,"fairness and equality, health and safety, health and safety"
5511bb17-a02a-4900-8d6a-bbeda4e25d17,,,"morality, cultural identity",,,"morality, cultural identity"
56459e3a-3b51-4d00-8217-6e4ce2709ccd,,,security and defense,,,security and defense
5654a027-9be3-404b-88f6-cc80ff56bc6f,,,cultural identity,,,cultural identity
566f9fa1-f87e-4995-9b69-df2a489ac75b,none,none,,,,"none, none"
5685640f-14fd-4834-af41-da3cfd5e7cb4,,,,none,none,"none, none"
5764aff4-5b04-40d7-804d-fa4806cf3ded,quality of life,none,,,,"quality of life, none"
57cbc941-87d9-41f0-862e-45f7f20954f6,cultural identity,cultural identity,,,,"cultural identity, cultural identity"
58478711-415f-40f6-ab4c-d6af35cd9a36,,,political,,,political
586eeea5-43ff-4636-b669-a04ae7efa82c,cultural identity,none,,,,"cultural identity, none"
58c2d191-bbfc-4b05-a54f-75ccc26c08a8,,,legality_constitutionality_jurisprudence,legality_constitutionality_jurisprudence,"political, security and defense, legality_constitutionality_jurisprudence, economic, public opinion, crime and punishment","legality_constitutionality_jurisprudence, legality_constitutionality_jurisprudence, political, security and defense, legality_constitutionality_jurisprudence, economic, public opinion, crime and punishment"
58e15587-c939-4657-8cef-0f27667d45d1,economic,capacity and resources,,,,"economic, capacity and resources"
5907d470-241b-4f3a-8528-feecf855feb4,economic,none,,,,"economic, none"
59374504-6ad9-4ca9-87a9-2822a2a399c4,political,quality of life,"quality of life, security and defense, policy prescription and evaluation",,,"political, quality of life, quality of life, security and defense, policy prescription and evaluation"
5a9dc626-223b-4169-8b46-9204f30ff5bd,,,,"political, fairness and equality, public opinion, cultural identity","quality of life, political, security and defense, legality_constitutionality_jurisprudence, public opinion, cultural identity, crime and punishment","political, fairness and equality, public opinion, cultural identity, quality of life, political, security and defense, legality_constitutionality_jurisprudence, public opinion, cultural identity, crime and punishment"
5af50732-522f-4e97-a339-b1a99ff54001,,,none,,,none
5b532428-3f77-42c2-a51d-584a220bc343,,,none,,,none
5bad7b8a-3acf-4b96-9e8f-323bd368c841,economic,quality of life,,,,"economic, quality of life"
5bd12fc2-3d40-4ecd-92c3-b079d3220cff,political,none,,,,"political, none"
5be30564-4e33-4911-82c9-74774999a8cc,,,none,,,none
5c530841-d885-454b-a79a-85ca53e8fe55,,,,health and safety,"quality of life, capacity and resources, security and defense, health and safety","health and safety, quality of life, capacity and resources, security and defense, health and safety"
5c63164b-d933-45f9-a741-4fff3214f3ce,,,,none,health and safety,"none, health and safety"
5c8b46e8-d684-431f-bdfb-64fde582c9f4,public opinion,none,,,,"public opinion, none"
5cabf216-14a1-4d38-bcf9-9e65b6d96afc,,,none,,,none
5d0388af-7ae5-4d62-88d1-787a60632f83,,,none,,,none
5dbc5541-9918-49f8-8817-0c2a0bd4a093,,,"quality of life, economic",,,"quality of life, economic"
5dde5ce6-8fff-422f-882f-29f618eecbe5,,,,none,none,"none, none"
5e541690-eaac-4a51-b9f6-8f4675e3ad08,cultural identity,cultural identity,,,,"cultural identity, cultural identity"
5e711a29-4f6e-458a-8287-3365f062e991,,,"political, public opinion",,,"political, public opinion"
5edf36b3-9c39-4b0d-b655-4ca1c437716a,economic,economic,,,,"economic, economic"
5f370d0f-2b2f-490f-bd0e-e70df1b6efbc,,,,"health and safety, crime and punishment",health and safety,"health and safety, crime and punishment, health and safety"
5f5651c9-0a46-4975-be3a-da9df356b90d,economic,none,,,,"economic, none"
5f92ac54-2b80-4b84-9690-5347d15fd248,,,none,,,none
60029099-7bc4-4ef4-aa25-563228f7cdb3,,,"fairness and equality, public opinion",,,"fairness and equality, public opinion"
60d3d270-af8f-41b6-b6f0-3e4333e4b327,health and safety,health and safety,none,,,"health and safety, health and safety, none"
61a73d5d-00a6-4797-a124-e4edf3232c11,political,"quality of life, political",,,,"political, quality of life, political"
62669ae1-ac4f-48d8-b149-6abb623e977a,quality of life,none,,,,"quality of life, none"
626e381b-d00e-44a6-ae58-d03b63ec31cf,,,economic,,,economic
62713c4f-ce11-45e5-8a8a-a90c31f05561,cultural identity,cultural identity,,,,"cultural identity, cultural identity"
62ad3315-afa9-45c8-9f55-caee8dd0b9d2,,,,economic,economic,"economic, economic"
62c99a39-8a18-4f5d-bf4c-93c026a99e81,,,,health and safety,"health and safety, economic","health and safety, health and safety, economic"
62d339d3-ead2-45f9-b817-0275bd5d8623,health and safety,none,,,,"health and safety, none"
636ee5ce-b262-4424-8ec2-769eb084ef0a,,,legality_constitutionality_jurisprudence,,,legality_constitutionality_jurisprudence
647971c1-e166-4b1f-98ad-36d73f1ade2d,,,none,,,none
64886017-b960-4be8-a926-a82060ffcd6b,,,none,,,none
6536778e-6197-43b3-840f-f05a2478c7e0,morality,cultural identity,,,,"morality, cultural identity"
6559b60b-19a3-415b-bf2f-c947cace9375,,,,none,"quality of life, health and safety, public opinion","none, quality of life, health and safety, public opinion"
656407fd-23d1-4f43-b534-4aa29d423864,,,cultural identity,cultural identity,"quality of life, political, cultural identity","cultural identity, cultural identity, quality of life, political, cultural identity"
6608ceb8-6668-41b0-8a19-f84bc5a4b7f6,,,health and safety,,,health and safety
66359f5d-68fd-4a8d-ba40-c6dfc5eebd8f,political,political,political,,,"political, political, political"
66649e8b-bf98-4576-ab28-9724f73d50c1,,,cultural identity,,,cultural identity
66c13b5b-4979-4933-8fa9-d2690024d679,,,cultural identity,,,cultural identity
67430155-2751-47e5-92af-4172bbee72ea,,,"quality of life, capacity and resources",none,cultural identity,"quality of life, capacity and resources, none, cultural identity"
67a96524-803a-4590-84fd-2a33d1310b27,,,,political,"quality of life, capacity and resources, political, security and defense, policy prescription and evaluation, fairness and equality, health and safety, legality_constitutionality_jurisprudence, morality, economic, public opinion, cultural identity, external regulation and reputation, crime and punishment","political, quality of life, capacity and resources, political, security and defense, policy prescription and evaluation, fairness and equality, health and safety, legality_constitutionality_jurisprudence, morality, economic, public opinion, cultural identity, external regulation and reputation, crime and punishment"
68883c25-ecb6-44f8-9c24-ced1684608d1,,,,cultural identity,none,"cultural identity, none"
68f4669f-a450-4a48-a938-6722187ee7a5,,,,quality of life,"quality of life, cultural identity","quality of life, quality of life, cultural identity"
6987dbf7-7621-4780-a283-757caf40a1dc,,,cultural identity,,,cultural identity
69b9602f-e6d5-4e7c-979b-6f587e9e70e2,none,none,,,,"none, none"
69cc7b15-6271-439e-877f-c6983e3e11a9,,,,none,quality of life,"none, quality of life"
69d4e1b0-5740-4c14-8be4-df7c9dd8121f,,,cultural identity,,,cultural identity
6af157c3-23fc-4abd-8ba6-e8b1fc26b2b9,political,none,none,,,"political, none, none"
6b09724d-9f68-4448-af8f-97f0676530b3,none,none,,,,"none, none"
6b55dcc3-e1dd-4322-96d1-42382d0a4fb1,,,,"health and safety, crime and punishment",health and safety,"health and safety, crime and punishment, health and safety"
6b5a5687-3fbf-4c9b-9504-4dde1703878c,none,none,,,,"none, none"
6bb2b5d1-5fd0-4384-b78e-a5d1ffbe456f,,,,none,political,"none, political"
6c648a70-0b6a-445f-81ad-fa94f74b0e61,,,public opinion,,,public opinion
6d27ce1f-fbef-45be-9caa-2d09891e4548,,,"policy prescription and evaluation, fairness and equality, morality",,,"policy prescription and evaluation, fairness and equality, morality"
6d7c4968-2f06-4cde-af80-41e4346aa8ca,economic,none,,,,"economic, none"
6e3ccef6-9b08-4184-974e-18e30bfae52a,,,health and safety,,,health and safety
6f50df1c-1fd8-4673-83a6-185ad3cb601e,health and safety,health and safety,health and safety,,,"health and safety, health and safety, health and safety"
6fb70185-750a-4d46-8e13-057aee95a3f2,,,,public opinion,public opinion,"public opinion, public opinion"
7092e760-add1-4bd3-a67b-7fc75dccc431,,,,none,"policy prescription and evaluation, health and safety, legality_constitutionality_jurisprudence, economic","none, policy prescription and evaluation, health and safety, legality_constitutionality_jurisprudence, economic"
709fa366-269c-49a7-8c30-d08dc1253676,,,,legality_constitutionality_jurisprudence,political,"legality_constitutionality_jurisprudence, political"
71466c1a-cc64-430f-8035-a0e0bf1261e4,,,none,,,none
7146a81a-30ac-411f-9980-ddbf1ea80cab,,,public opinion,,,public opinion
71692453-2745-4906-8a92-e2313b8596ec,,,,none,cultural identity,"none, cultural identity"
71afde02-60f1-4f30-98bc-0c9b9cf1d4c1,economic,cultural identity,,,,"economic, cultural identity"
72570972-e6ec-4ed6-a5d8-0e6a4fe965b3,,,,none,public opinion,"none, public opinion"
728c1e5f-3d11-4230-8fb9-7d8c2c05ece9,,,,"security and defense, cultural identity","political, health and safety, cultural identity, crime and punishment","security and defense, cultural identity, political, health and safety, cultural identity, crime and punishment"
72b10c45-6261-421f-827e-ca33e50b41b0,quality of life,none,,,,"quality of life, none"
72dae0c4-d80c-45ba-a76a-ea043e7f210c,,,health and safety,,,health and safety
73541cff-2b35-4c4b-9db5-7ebf208603a2,health and safety,health and safety,,,,"health and safety, health and safety"
73ca0e5b-e07f-4e85-8aed-2ad4a18fbe61,,,cultural identity,,,cultural identity
751c11a1-4937-4082-8d67-2751e32e6009,economic,economic,economic,,,"economic, economic, economic"
752aae56-4f9e-4229-aef1-ea04abcb77a7,cultural identity,cultural identity,,,,"cultural identity, cultural identity"
755fe87c-b1cf-4452-a700-da38c3cf1932,economic,none,,,,"economic, none"
75f23cae-469f-4ad5-b6bc-b86c41032bdf,,,none,,,none
76246247-c3e7-43bb-9d98-1ac0b4347857,morality,"morality, cultural identity",none,,,"morality, morality, cultural identity, none"
7709b229-0c0f-407c-b6ef-a5efdb5cbca9,cultural identity,none,,,,"cultural identity, none"
774a1c41-6df9-4067-b279-40a17bd303d1,,,quality of life,quality of life,"security and defense, health and safety, morality, public opinion, cultural identity, crime and punishment","quality of life, quality of life, security and defense, health and safety, morality, public opinion, cultural identity, crime and punishment"
778fa9b2-7bcc-4d9e-b876-98a24e7e2970,economic,quality of life,,,,"economic, quality of life"
77a8296b-ca28-4240-b2ff-6836ce4eafb1,,,,none,"quality of life, capacity and resources, cultural identity","none, quality of life, capacity and resources, cultural identity"
77be14f1-8e8a-40a8-a19d-ad4bfe17dcf9,,,,none,cultural identity,"none, cultural identity"
77fe1601-92d7-4dc8-b5af-ddd221274efa,,,,political,"political, policy prescription and evaluation, legality_constitutionality_jurisprudence, public opinion","political, political, policy prescription and evaluation, legality_constitutionality_jurisprudence, public opinion"
780f5729-9dd1-461a-a26e-bda3bd514276,health and safety,none,,,,"health and safety, none"
7852ed2e-6da0-4fbd-b993-43abc782d4eb,political,"political, legality_constitutionality_jurisprudence","policy prescription and evaluation, legality_constitutionality_jurisprudence",,,"political, political, legality_constitutionality_jurisprudence, policy prescription and evaluation, legality_constitutionality_jurisprudence"
7881822f-ea97-46f7-ad90-4c45fa9f1eda,,,,none,political,"none, political"
78951db5-792e-4734-b4f6-8b9b8f33706b,none,none,quality of life,,,"none, none, quality of life"
78a27510-bd67-4944-b881-392e98d1c50c,,,capacity and resources,,,capacity and resources
78a3dc65-eae9-40d2-baed-32e390fa6885,,,none,cultural identity,cultural identity,"none, cultural identity, cultural identity"
78a660a2-d8d9-4045-8ae0-86151ea9408a,health and safety,"health and safety, crime and punishment",,,,"health and safety, health and safety, crime and punishment"
78ba9ce9-fbf1-4873-838b-23a468976032,,,political,,,political
7972ad67-78ea-40e4-9d5c-d9cffcdbf296,,,none,,,none
79f4d6fc-8815-424d-bd18-2592fab62a2f,health and safety,crime and punishment,,,,"health and safety, crime and punishment"
7a03f1f3-1516-4467-8030-ff8d8f3d0f79,,,none,,,none
7a9930a9-3685-4a6a-a4c3-cb438a577a47,,,,none,none,"none, none"
7ad6b1d2-fe20-40b8-83db-936c85b1410c,,,,none,none,"none, none"
7b05a2c5-c4ef-44c9-b437-b2ca7240dc35,,,political,,,political
7b0ca74d-31f9-46a7-b557-137c955f8290,,,"political, security and defense",,,"political, security and defense"
7b87b308-073d-4b94-a43b-0cda7673c5aa,,,,"health and safety, cultural identity, crime and punishment",health and safety,"health and safety, cultural identity, crime and punishment, health and safety"
7c211790-f4a0-453e-a738-d5f87acc83a5,,,none,none,none,"none, none, none"
7cbf0740-24c1-4884-b9e7-3fc5cede4082,,,,"fairness and equality, legality_constitutionality_jurisprudence","quality of life, capacity and resources, political, security and defense, health and safety, legality_constitutionality_jurisprudence, morality, public opinion, cultural identity, crime and punishment","fairness and equality, legality_constitutionality_jurisprudence, quality of life, capacity and resources, political, security and defense, health and safety, legality_constitutionality_jurisprudence, morality, public opinion, cultural identity, crime and punishment"
7cceb62e-3484-464b-b1e7-6f8c92a203d4,crime and punishment,"political, crime and punishment",crime and punishment,,,"crime and punishment, political, crime and punishment, crime and punishment"
7d3f69c9-c394-49c3-844f-36c93221a1b8,,,cultural identity,,,cultural identity
7d557e18-5e28-41d7-b090-1039d13bf37c,,,,none,none,"none, none"
7da2f497-8838-402d-865d-ffd69cdac90f,,,,economic,"quality of life, security and defense, economic, public opinion, crime and punishment","economic, quality of life, security and defense, economic, public opinion, crime and punishment"
7db24bca-c144-4f9b-905f-170726e1b6fb,,,,cultural identity,cultural identity,"cultural identity, cultural identity"
7e67bf96-336a-4dfd-8282-40ad3e65f394,,,crime and punishment,,,crime and punishment
7e843842-c734-467c-a6bb-89d784ce85ff,,,,none,"capacity and resources, security and defense, economic","none, capacity and resources, security and defense, economic"
7ef6cba0-54ae-43a2-bc99-a585d7d1150c,,,,none,quality of life,"none, quality of life"
7f0e120d-9a41-4aed-91b3-4811860f295a,,,,none,"quality of life, health and safety, economic","none, quality of life, health and safety, economic"
7f1923aa-f741-4937-96e7-b03cda3a3ec7,,,,none,economic,"none, economic"
7f2c959d-fbeb-45e5-a0f7-3626b760694e,,,,none,capacity and resources,"none, capacity and resources"
7fa397b8-2d76-48cc-b01d-5d49b3d6321a,,,political,political,cultural identity,"political, political, cultural identity"
7fefe077-6f25-4468-8628-a9935332d64f,cultural identity,cultural identity,none,,,"cultural identity, cultural identity, none"
804da966-3587-4c53-9525-9f739cbef8c1,none,none,,,,"none, none"
8157bbce-2c03-431d-8825-11a81730cc70,,,,"health and safety, crime and punishment","security and defense, crime and punishment","health and safety, crime and punishment, security and defense, crime and punishment"
8157df79-7491-49bd-b027-a548ac791cf8,none,none,,,,"none, none"
81ad31ea-4560-4d6d-8046-6012a2e3f764,,,none,,,none
81bb3213-06ad-4b29-b686-f3f91e56e1fd,,,cultural identity,,,cultural identity
81d02e5d-c931-4fb4-af61-275801a60c6f,,,,"fairness and equality, public opinion","policy prescription and evaluation, legality_constitutionality_jurisprudence, public opinion, cultural identity","fairness and equality, public opinion, policy prescription and evaluation, legality_constitutionality_jurisprudence, public opinion, cultural identity"
81f0427b-5216-4d72-84ce-5db86f02ae28,,,none,none,public opinion,"none, none, public opinion"
8230cc1e-62ee-4ccc-a765-067db4eb1888,,,"political, policy prescription and evaluation, external regulation and reputation",political,political,"political, policy prescription and evaluation, external regulation and reputation, political, political"
823a12dc-b45a-42d1-92d3-9676a9591aa3,,,cultural identity,,,cultural identity
82488002-d4fc-4500-9f95-a4915680138c,security and defense,"political, security and defense","political, security and defense",,,"security and defense, political, security and defense, political, security and defense"
83094c92-4350-45e0-b371-03192f914e92,,,"security and defense, cultural identity",,,"security and defense, cultural identity"
837a108e-1347-4e1a-bd6e-a8799817ca34,,,cultural identity,cultural identity,cultural identity,"cultural identity, cultural identity, cultural identity"
837b938c-efcf-4378-87a4-24c7773149a6,health and safety,none,,,,"health and safety, none"
83cbe3cb-48b8-4f7d-83df-1e9681d93fc9,,,"fairness and equality, public opinion",,,"fairness and equality, public opinion"
841b0f2b-eb75-41e4-a483-98340d27db13,,,none,quality of life,none,"none, quality of life, none"
842c435b-7ee4-4932-837e-2b6e07a4a199,,,,crime and punishment,"security and defense, public opinion, crime and punishment","crime and punishment, security and defense, public opinion, crime and punishment"
84d4f2cf-5c97-4191-81f4-cbe926e16a18,,,,none,none,"none, none"
859f118b-15be-4217-bab8-8c03a6da6c10,,,,none,health and safety,"none, health and safety"
86427e7b-fef5-49a9-8ed5-7818341e2178,health and safety,health and safety,,,,"health and safety, health and safety"
86ed2d0a-d48a-407b-b1f1-8c0a31d89c8d,,,"quality of life, public opinion",,,"quality of life, public opinion"
87412eb7-fde9-4836-b39d-4210e142b48f,cultural identity,none,none,,,"cultural identity, none, none"
87d575f0-d6a2-4ec9-bb0d-acaeda8ea8b8,,,,none,"health and safety, public opinion","none, health and safety, public opinion"
892a29d0-0f7b-47d1-acc7-00d1181e12e6,,,cultural identity,,,cultural identity
8946c6c5-020f-48af-baa4-5bd29aa15d1f,,,none,,,none
8971aa3e-978a-4efb-b35e-aedf23fd0800,,,,quality of life,"quality of life, economic","quality of life, quality of life, economic"
89c4fb5e-bb10-4200-be93-bd87a0c089f9,none,none,,,,"none, none"
8a1bc3c6-f069-4dc9-9bb3-dba301c61bd6,,,,capacity and resources,economic,"capacity and resources, economic"
8a5be95e-0f5f-482d-8311-5b2bb56ddbea,,,health and safety,health and safety,health and safety,"health and safety, health and safety, health and safety"
8aaf9309-b194-4e07-9a4b-be4516807674,capacity and resources,quality of life,none,,,"capacity and resources, quality of life, none"
8aec485c-7387-4e83-88dc-efb5fb856298,,,"security and defense, legality_constitutionality_jurisprudence",,,"security and defense, legality_constitutionality_jurisprudence"
8b6ef429-e84d-4bd0-8cc3-ca3fc5f91032,,,none,"fairness and equality, public opinion","quality of life, political, policy prescription and evaluation, legality_constitutionality_jurisprudence, cultural identity","none, fairness and equality, public opinion, quality of life, political, policy prescription and evaluation, legality_constitutionality_jurisprudence, cultural identity"
8b71a01b-6c5a-4a0c-a369-8c6aa33eeeca,,,none,,,none
8c2e0038-0dc5-440a-af63-7c9fc7d66c73,,,,cultural identity,none,"cultural identity, none"
8c551a14-30b3-40cf-a4f9-f5262280779a,,,none,,,none
8c59f3c5-7f2b-467a-8a2e-c61c31908a29,quality of life,none,,,,"quality of life, none"
8c6c04b0-f1f3-464d-951c-cb5bf666ad73,,,none,none,"quality of life, political, security and defense, health and safety, legality_constitutionality_jurisprudence, crime and punishment","none, none, quality of life, political, security and defense, health and safety, legality_constitutionality_jurisprudence, crime and punishment"
8cb69274-0dcc-4c28-95a0-60bee1ccdeff,political,public opinion,public opinion,,,"political, public opinion, public opinion"
8ccdb40c-a6d3-4d59-8cc6-50fbaabf2fdc,,,,"fairness and equality, public opinion","political, legality_constitutionality_jurisprudence, public opinion, external regulation and reputation","fairness and equality, public opinion, political, legality_constitutionality_jurisprudence, public opinion, external regulation and reputation"
8ce7b10a-2386-4d29-a840-023eecf836e3,security and defense,crime and punishment,,,,"security and defense, crime and punishment"
8d805300-3e96-4b2a-91a6-a84a1647abca,,,political,,,political
8de2836b-4eb4-4789-b613-a8c552b33f05,,,,health and safety,"health and safety, crime and punishment","health and safety, health and safety, crime and punishment"
8dffb7b2-93c6-471e-bed1-a6e2901f7e1d,none,none,,,,"none, none"
8e4b7aa3-6d0e-4d12-9ea4-2fa9376ee580,health and safety,none,,,,"health and safety, none"
8e623964-3195-42b9-9c53-90d5c4175463,,,,security and defense,"security and defense, health and safety, crime and punishment","security and defense, security and defense, health and safety, crime and punishment"
8ee40841-546e-40f6-bc0e-13fa746971c7,none,none,,,,"none, none"
8f073447-4efc-4e2c-a055-c7b887e2375c,political,political,,,,"political, political"
8f49241e-a197-4465-bc17-d0e6583a09c8,,,none,,,none
8f5192f7-d6c9-47f5-b53e-031013e60dc9,,,,capacity and resources,"capacity and resources, economic","capacity and resources, capacity and resources, economic"
8fd8f124-ecb4-47e5-8b58-47a3ced3a2f3,none,quality of life,,,,"none, quality of life"
8ff32ecd-71dd-404b-87cc-2905748864c5,,,political,,,political
8ff3d1eb-6b34-4f5b-9c43-cec9d48b806d,,,,capacity and resources,"quality of life, political, security and defense, health and safety, economic, crime and punishment","capacity and resources, quality of life, political, security and defense, health and safety, economic, crime and punishment"
9070ec19-1580-4ff9-85b8-446243e1e22b,health and safety,"health and safety, crime and punishment",,,,"health and safety, health and safety, crime and punishment"
90e684df-9a83-41a2-b5cd-4c0ffe58f903,political,political,,,,"political, political"
912e5294-644a-4716-8392-d116f2a53f4f,political,cultural identity,,,,"political, cultural identity"
916b633a-05cc-4501-a049-f2213db250f1,,,,cultural identity,cultural identity,"cultural identity, cultural identity"
91c7f389-c67d-4bb0-9a19-afccbea78477,,,"morality, cultural identity",,,"morality, cultural identity"
9233818f-0e05-40bd-b56b-da7cce60fb35,,,public opinion,,,public opinion
92c6ea8f-7dbc-4f6a-91b1-9cd532e27c42,,,,none,health and safety,"none, health and safety"
931fe0c6-2b05-47e4-a65f-f89f2fc3e673,,,quality of life,,,quality of life
9325dd45-6c5d-4118-9b30-45e346870095,,,political,,,political
9372900b-b33c-4f34-aec0-9c3a7e473f3e,,,none,,,none
93e08769-4a20-427b-acb1-4cc0de12eadf,,,,quality of life,"economic, public opinion, cultural identity, crime and punishment","quality of life, economic, public opinion, cultural identity, crime and punishment"
94777ded-df33-4f3e-9350-3553caf1660b,,,none,none,political,"none, none, political"
947e6162-c503-45e7-86cf-c51d1456648f,,,political,political,"quality of life, capacity and resources, political, security and defense, policy prescription and evaluation, fairness and equality, health and safety, legality_constitutionality_jurisprudence, morality, economic, public opinion, cultural identity, external regulation and reputation, crime and punishment","political, political, quality of life, capacity and resources, political, security and defense, policy prescription and evaluation, fairness and equality, health and safety, legality_constitutionality_jurisprudence, morality, economic, public opinion, cultural identity, external regulation and reputation, crime and punishment"
947e9be7-4e2e-408a-8ae8-36a345d6683c,,,none,,,none
9520f820-f18e-43d6-81bf-0184554aacab,economic,none,,,,"economic, none"
9569cfea-28e3-48d5-91ea-10aa1d15aaf7,,,,none,health and safety,"none, health and safety"
9666d7b0-409e-4dc6-a73f-80aed9080a34,,,,political,"political, policy prescription and evaluation, fairness and equality, legality_constitutionality_jurisprudence","political, political, policy prescription and evaluation, fairness and equality, legality_constitutionality_jurisprudence"
967a5781-6485-4130-9842-6c7cd30b713a,,,,"quality of life, capacity and resources","security and defense, health and safety","quality of life, capacity and resources, security and defense, health and safety"
96dbc3c7-87e3-4443-ae5e-fbec12a2617d,none,cultural identity,,,,"none, cultural identity"
970dc240-4efc-49f0-8532-70bf71e9f90e,none,none,,,,"none, none"
9762c4ee-8ba6-4d2a-985e-199b8856567f,,,,"quality of life, political",political,"quality of life, political, political"
97d89769-1677-49e7-9ff9-a55d9b1b1afb,cultural identity,quality of life,,,,"cultural identity, quality of life"
97f5df08-d7d0-412d-b617-9088d9d033c4,,,,none,cultural identity,"none, cultural identity"
9887a8a0-ca40-4215-808a-4dbd7dc1bb8c,,,none,,,none
98bda026-30e4-4dee-b1e6-8a8686cbb664,quality of life,none,,,,"quality of life, none"
99059232-da52-4ccc-a76f-f7572a57e01d,none,none,,,,"none, none"
99a16255-a74e-4195-9713-5000366a3b8e,,,,none,"quality of life, health and safety","none, quality of life, health and safety"
99b356bc-1b22-462c-8962-35194368f007,political,"political, security and defense, crime and punishment",,,,"political, political, security and defense, crime and punishment"
99b80069-0c16-490a-aeaf-cf5852b1e3ac,,,public opinion,,,public opinion
9a735c8d-283e-4346-8bb0-f5f474a47d50,,,none,,,none
9a8cf2d8-2fbc-4c34-ace3-70cf864667f6,,,crime and punishment,,,crime and punishment
9a8e39fe-a62b-4c62-b3fc-2c57a3a18b58,economic,none,,,,"economic, none"
9a9d6679-4dfc-4c48-b437-603f3631c202,,,quality of life,,,quality of life
9b3287e6-caf4-450a-acba-2699bbf1f59f,,,none,,,none
9b86f45a-71d1-4775-ac99-e9c65b3607ab,,,none,,,none
9b966da2-8779-4bbb-8687-b10f8df6110b,security and defense,"health and safety, crime and punishment",,,,"security and defense, health and safety, crime and punishment"
9b9f0339-5824-47b9-9ad7-bc46dcd1f273,political,"public opinion, cultural identity",,,,"political, public opinion, cultural identity"
9bfe5785-207d-4ee5-927a-6ed900ae5d50,,,none,,,none
9c5fe5d5-f7a1-47c9-8baf-a46167d5a6b7,political,none,,,,"political, none"
9cd219b6-f20e-4681-96f8-53cca9e60a64,,,,none,public opinion,"none, public opinion"
9de8c80f-f891-4f98-a2a8-e6e93ab92d7a,,,none,,,none
9e16236b-4913-4f6b-8eaa-be8f8a2c227c,,,,capacity and resources,"capacity and resources, economic","capacity and resources, capacity and resources, economic"
9e1bf72c-cafa-4a6c-aeb4-61ad06d16f8e,,,,none,quality of life,"none, quality of life"
9e2ad951-9847-4150-b907-029d0909d48f,quality of life,none,,,,"quality of life, none"
9e3fdc2b-abf0-4268-bd8d-f0e4945a5640,health and safety,quality of life,,,,"health and safety, quality of life"
9e4e312d-357d-4733-91d2-be9b1b0edba1,,,,"health and safety, crime and punishment",health and safety,"health and safety, crime and punishment, health and safety"
9ebcfe80-a40c-44b2-9e4f-726b37f24e5d,,,none,capacity and resources,"quality of life, political, security and defense, health and safety, economic","none, capacity and resources, quality of life, political, security and defense, health and safety, economic"
9edaa4ee-9af8-4d27-b680-056eb9c456c9,,,political,,political,"political, , political"
9f1c7753-d6e8-4ada-9609-8ccb627178b9,political,none,,,,"political, none"
9fff29f3-6637-4cad-a3c2-f24d57d8a88b,political,political,,,,"political, political"
a00c103b-d8d9-4167-8244-8e73695b3dff,health and safety,quality of life,,,,"health and safety, quality of life"
a083d8d8-9e66-4ce2-897a-ad76d8351c30,,,,none,health and safety,"none, health and safety"
a08e255c-69b7-406f-a4dc-1f936c2d7ee7,,,,political,political,"political, political"
a0e4cb97-f4ac-4601-9261-97cf2209ed4b,,,,cultural identity,none,"cultural identity, none"
a0f22bde-fd7e-4aa4-9246-faf5ff42164e,,,,none,"quality of life, capacity and resources","none, quality of life, capacity and resources"
a156108e-bb1a-4a47-b9e5-5bb3526b6ed8,,,none,,,none
a164d09b-55a3-42d4-89ee-a3087fcb0c40,political,health and safety,,,,"political, health and safety"
a21588f9-279c-4f9c-ae39-f832198a5990,,,"security and defense, crime and punishment",,,"security and defense, crime and punishment"
a3156950-2290-4d5f-bf75-ddaa14ce578c,,,,none,political,"none, political"
a32e9854-4710-483f-8dfb-e0077567e08a,,,none,,,none
a34661d2-9215-4e02-8c25-1ec95c73cb62,,,political,,,political
a3838535-c3ba-4350-b8d6-26fa0f5ff4d5,,,external regulation and reputation,,,external regulation and reputation
a3df7f93-24c8-4f53-a443-07c02a51bb6f,,,quality of life,,,quality of life
a40070df-03fc-475e-8610-1f9695af166e,,,none,none,cultural identity,"none, none, cultural identity"
a4aeeb0d-6118-42dd-8296-99bcc2311541,,,none,,,none
a52faf9b-33b0-4901-8301-e298e4037195,,,none,,,none
a57ec15f-b030-47e0-943e-267310724960,,,,cultural identity,cultural identity,"cultural identity, cultural identity"
a6160e25-c2b5-48aa-859a-2cb11f8584fd,,,none,,,none
a68febe4-0fc8-4a2a-a285-26698963c0fc,,,quality of life,,,quality of life
a6ef2a3f-e305-4cfb-83e0-388d28cf8748,,,,none,"quality of life, cultural identity","none, quality of life, cultural identity"
a71df71d-947c-43d8-b283-be74c0d6ac83,,,security and defense,,,security and defense
a773ba4f-7001-4ea7-83cb-003d2825588e,,,,none,public opinion,"none, public opinion"
a7c925b3-4d41-41e8-a178-717b1057f7c4,cultural identity,cultural identity,,,,"cultural identity, cultural identity"
a80f89bd-d6f5-45d7-8d1c-c332d1298b6f,,,,"political, public opinion","political, morality, public opinion","political, public opinion, political, morality, public opinion"
a81eceab-8844-4aa8-9158-1ae514cbb371,capacity and resources,quality of life,,,,"capacity and resources, quality of life"
a91c4aff-0469-4061-9050-167596d26656,,,,none,health and safety,"none, health and safety"
a944bc7b-d576-4916-af09-282f9d992bd9,none,none,,,,"none, none"
aa7c9d3b-9662-4203-bfec-fd5599df2f45,,,none,,,none
aa923877-8ddc-44f8-9b8b-e1756a72add3,political,"political, health and safety",,,,"political, political, health and safety"
ab36e8c8-6312-4bfc-a197-ebf263762132,,,quality of life,,,quality of life
ab77419f-4ba2-487f-adf1-259b9a2e6956,,,fairness and equality,,,fairness and equality
ab896eda-ce64-4e0d-a17c-8fbfd796efd8,crime and punishment,crime and punishment,,,,"crime and punishment, crime and punishment"
abe8f88d-a282-4f5e-aaa8-4d46f49a02e9,,,"policy prescription and evaluation, fairness and equality",,,"policy prescription and evaluation, fairness and equality"
acdddb76-bd83-4089-89e2-814a45921f95,,,,cultural identity,cultural identity,"cultural identity, cultural identity"
ace252fa-ffd8-47ed-9ad5-c9c12b7534fc,,,,none,cultural identity,"none, cultural identity"
ad33cff0-950e-4680-a28d-41ff8419157d,,,,none,"health and safety, crime and punishment","none, health and safety, crime and punishment"
ad3f4ad4-699c-4e7d-ba59-427abe69b64d,capacity and resources,"policy prescription and evaluation, public opinion",,,,"capacity and resources, policy prescription and evaluation, public opinion"
ad4bf9b8-41a9-4f4c-b55e-621069050579,cultural identity,economic,,,,"cultural identity, economic"
ad8125cb-d3c9-4eef-aebe-09c04fc130c3,health and safety,health and safety,,,,"health and safety, health and safety"
ae00ef51-3dad-4155-bc33-edd1d9f83c6d,,,,none,public opinion,"none, public opinion"
ae3e4dad-f812-4b7b-8dca-3f8691dc890f,,,,none,economic,"none, economic"
ae91c812-6ef0-47ff-870c-760772dab1ca,quality of life,none,,,,"quality of life, none"
aeb34cd8-fb25-4c0a-b6c8-26df77ed5efc,,,"quality of life, political",,,"quality of life, political"
aeb6f224-a118-491c-8e3a-28502833d3f5,health and safety,none,,,,"health and safety, none"
aee7b67d-0b46-46eb-ac2e-690dbe0b4671,none,none,,,,"none, none"
af6ab369-a1a2-4463-bcf7-21449b64c9ef,political,none,,,,"political, none"
affdd391-961d-45ab-846a-221ab7419daf,economic,none,,,,"economic, none"
b0414abb-9df4-4f04-93b9-0880efda7e24,cultural identity,none,,,,"cultural identity, none"
b05d63c4-792a-47dd-9021-2f2914586a4c,cultural identity,cultural identity,"quality of life, cultural identity",,,"cultural identity, cultural identity, quality of life, cultural identity"
b09775b4-2c21-47c9-80d5-aec68fa16eaa,quality of life,none,,,,"quality of life, none"
b1122f6e-f238-4758-8754-254ea0a40d5c,health and safety,none,,,,"health and safety, none"
b2014ba8-4e06-40d5-b66e-8fb84f025a05,political,none,,,,"political, none"
b2159871-7bc6-47a0-994c-086b9eaaaab9,,,,quality of life,public opinion,"quality of life, public opinion"
b2175acd-8805-4476-8c7e-33cf9c79ecab,none,public opinion,,,,"none, public opinion"
b297618d-a412-434e-91c0-eb7710f7abba,quality of life,none,,,,"quality of life, none"
b368edbb-d3a9-4516-bc38-2f8df954d3c4,,,,none,health and safety,"none, health and safety"
b36b8d53-46c5-43e6-8836-647080f7c97c,,,,"health and safety, crime and punishment","quality of life, security and defense, health and safety, public opinion, crime and punishment","health and safety, crime and punishment, quality of life, security and defense, health and safety, public opinion, crime and punishment"
b3e24c7e-2d65-48d8-9ef7-10bc61b64053,public opinion,none,,,,"public opinion, none"
b400b2ec-3350-4615-a370-b2f10c60163a,,,,economic,"quality of life, economic","economic, quality of life, economic"
b41c5431-6aa8-4802-a334-495f312c5828,,,,none,health and safety,"none, health and safety"
b41e1121-7cfe-4c75-bd7e-9aac529fda50,cultural identity,cultural identity,,,,"cultural identity, cultural identity"
b46c3169-20c4-4fb0-a890-07e6cd46081b,,,,none,policy prescription and evaluation,"none, policy prescription and evaluation"
b48cb611-1642-4482-860c-df96c702539d,quality of life,"quality of life, economic",none,,,"quality of life, quality of life, economic, none"
b4fd602a-2eb3-4120-a8f9-8df8acf35b6e,,,,crime and punishment,crime and punishment,"crime and punishment, crime and punishment"
b50153dc-8874-40e3-a9b9-4e4ad0e31aad,,,political,,,political
b50cad2e-559c-4485-85fa-af931ca08ebb,economic,none,,,,"economic, none"
b52f3a5e-32c0-4c9d-b874-e5a19c81dad5,,,,public opinion,"quality of life, capacity and resources, public opinion, cultural identity","public opinion, quality of life, capacity and resources, public opinion, cultural identity"
b531f23c-975d-4606-98ee-bd23ef77e532,health and safety,"security and defense, crime and punishment",,,,"health and safety, security and defense, crime and punishment"
b5925d46-aa1d-4f2f-8003-eb96320d641b,security and defense,security and defense,,,,"security and defense, security and defense"
b62dbcf9-e789-42ec-b2c6-8e39ce1cc011,health and safety,none,,,,"health and safety, none"
b63ec89f-3b2b-477b-ae6c-beaff1f22e0f,health and safety,health and safety,health and safety,,,"health and safety, health and safety, health and safety"
b65ecbd0-6c7e-4ee6-919f-85713a14e62b,,,,none,health and safety,"none, health and safety"
b6701c40-6a13-4e47-a277-b2b4c28cb02b,health and safety,crime and punishment,,,,"health and safety, crime and punishment"
b67b7a81-42e6-425e-9384-950965485a28,cultural identity,cultural identity,,,,"cultural identity, cultural identity"
b68eb6b3-2283-4517-9ed5-f7cd2eb92d80,,,political,political,"quality of life, political, policy prescription and evaluation, fairness and equality, legality_constitutionality_jurisprudence, morality, economic, public opinion, cultural identity, external regulation and reputation","political, political, quality of life, political, policy prescription and evaluation, fairness and equality, legality_constitutionality_jurisprudence, morality, economic, public opinion, cultural identity, external regulation and reputation"
b71818c3-1820-4342-9e16-a21184266c8f,,,,none,"quality of life, economic, cultural identity","none, quality of life, economic, cultural identity"
b729d19b-ac87-4538-b81a-fed03e286c8a,none,none,none,,,"none, none, none"
b768ff84-0b23-46b0-b21d-a772461c29e1,crime and punishment,none,,,,"crime and punishment, none"
b86a043e-55ac-4ed6-a32b-43de728e7bf1,none,none,,,,"none, none"
b8ed547b-755a-43d8-99eb-318a784dc36b,,,none,,,none
b9832014-3688-491b-ac36-3707b076f4a9,economic,economic,,,,"economic, economic"
b9bc03c9-c711-47d4-8c1a-89189edd3322,health and safety,health and safety,,,,"health and safety, health and safety"
b9db57f5-0356-4330-ae6e-a39448c6bcff,,,,"capacity and resources, economic","capacity and resources, security and defense, economic","capacity and resources, economic, capacity and resources, security and defense, economic"
ba32d62d-acbc-49d2-8293-6565f307ede8,crime and punishment,crime and punishment,crime and punishment,,,"crime and punishment, crime and punishment, crime and punishment"
ba606001-3f46-42b2-975a-117f84f53511,,,,health and safety,health and safety,"health and safety, health and safety"
bac2362d-74be-476b-b3b9-d30ff660304d,,,,none,health and safety,"none, health and safety"
bafa0a89-51c9-4f3e-83f7-16746610491a,,,,health and safety,"quality of life, capacity and resources, security and defense, policy prescription and evaluation, health and safety, crime and punishment","health and safety, quality of life, capacity and resources, security and defense, policy prescription and evaluation, health and safety, crime and punishment"
bb25cc63-1eb1-49ed-8c9f-08d489befd3c,,,none,,,none
bb2c0e55-ef5b-48cd-ad4c-6208b7f7b687,,,,none,"quality of life, political, policy prescription and evaluation, public opinion, cultural identity","none, quality of life, political, policy prescription and evaluation, public opinion, cultural identity"
bb5d7c5d-e837-42bf-8dc6-4dac1071315f,,,,political,"quality of life, capacity and resources, political, security and defense, policy prescription and evaluation, fairness and equality, health and safety, legality_constitutionality_jurisprudence, morality, economic, public opinion, cultural identity, external regulation and reputation, crime and punishment","political, quality of life, capacity and resources, political, security and defense, policy prescription and evaluation, fairness and equality, health and safety, legality_constitutionality_jurisprudence, morality, economic, public opinion, cultural identity, external regulation and reputation, crime and punishment"
bb63f0d0-4a7d-48bb-923c-e2cb40b73947,,,,cultural identity,none,"cultural identity, none"
bb79d573-4490-46bb-a511-69d24961709f,,,public opinion,,,public opinion
bbeb7a5c-e085-4a95-8016-cec8791c6281,none,none,,,,"none, none"
bc9d7f45-70b3-4a25-90bc-85b7c24fd014,economic,none,,,,"economic, none"
bd42efac-1d61-41cf-94be-daea7a95df16,,,,none,"capacity and resources, economic","none, capacity and resources, economic"
bd7d4137-9ba1-444d-a6e1-cbf4853cd5d1,security and defense,security and defense,,,,"security and defense, security and defense"
bd8d8787-ebfb-42a5-8da4-5595744076d3,,,,none,"quality of life, health and safety, economic","none, quality of life, health and safety, economic"
bd95483c-2c0e-4306-8bf8-4ed68f845d15,,,,"fairness and equality, public opinion",public opinion,"fairness and equality, public opinion, public opinion"
be591623-b726-4263-a949-8408bf7997f6,,,,none,capacity and resources,"none, capacity and resources"
bf8c0229-777d-428d-bb7b-6ee97473c6ff,,,,none,health and safety,"none, health and safety"
bfdababd-5e05-4426-9604-4a9abe0b707f,economic,none,,,,"economic, none"
c0ba7141-6d5e-4f6a-8572-0f87a512b03e,,,public opinion,,,public opinion
c0c07295-e43f-4480-8645-9812d4428a15,,,,political,political,"political, political"
c0c92fd4-f54c-4c3c-b764-dcb380fc4712,,,,"capacity and resources, economic","quality of life, capacity and resources, security and defense, economic, cultural identity","capacity and resources, economic, quality of life, capacity and resources, security and defense, economic, cultural identity"
c0ecb539-301d-4666-b3cc-ccd2651c62ab,crime and punishment,crime and punishment,,,,"crime and punishment, crime and punishment"
c1a42d3c-b75d-44a0-9fd0-7c8ec3b9824a,none,none,,,,"none, none"
c1db0246-a432-4c0a-8912-a8f8e5ddd660,,,,political,"political, public opinion","political, political, public opinion"
c2c74f16-f034-4e96-bbcc-0781e1f1ce93,,,"political, external regulation and reputation",,,"political, external regulation and reputation"
c35e6fb7-3988-4308-802d-7d669036e6e7,,,none,,,none
c36e59e4-7638-4208-a6b3-9b107323cac4,fairness and equality,"quality of life, health and safety",,,,"fairness and equality, quality of life, health and safety"
c378f599-9e25-443c-8c92-7d1bd4234d15,cultural identity,cultural identity,cultural identity,,,"cultural identity, cultural identity, cultural identity"
c3a7cd2e-6bed-4fc4-8adf-0a1d36874931,,,,none,economic,"none, economic"
c4064fa1-9ef5-4af0-88ec-929ee6e96005,,,,health and safety,quality of life,"health and safety, quality of life"
c4446c05-23f9-4262-8f7a-2fe960d36de1,political,none,,,,"political, none"
c4c892ef-4c9c-44fe-b2be-c9bd26f54c92,none,"health and safety, crime and punishment",,,,"none, health and safety, crime and punishment"
c53475e8-04b4-4586-ae4f-ffbe956942c1,cultural identity,cultural identity,,,,"cultural identity, cultural identity"
c542c133-e3a1-456a-b2bf-1a437880000a,,,"quality of life, health and safety",,,"quality of life, health and safety"
c5c4031f-3ec3-47a8-9965-0719a4ebe220,none,none,,,,"none, none"
c62b739a-5808-408a-92b3-dd8af0fdd5a2,cultural identity,"fairness and equality, public opinion",,,,"cultural identity, fairness and equality, public opinion"
c73748fb-0088-42b8-ad3b-42e4b7fb872c,health and safety,health and safety,health and safety,,,"health and safety, health and safety, health and safety"
c7adc302-6357-4641-96d0-2ab3b0710bc7,,,"fairness and equality, public opinion, cultural identity",,,"fairness and equality, public opinion, cultural identity"
c7fda8d2-384f-4837-9be2-4ddd9b14fb49,,,,"policy prescription and evaluation, legality_constitutionality_jurisprudence","quality of life, economic, cultural identity","policy prescription and evaluation, legality_constitutionality_jurisprudence, quality of life, economic, cultural identity"
c80eeed4-e9e6-45e1-9770-8807420d1bbe,health and safety,health and safety,,,,"health and safety, health and safety"
c82e94fa-14e1-4f33-8bd7-152e52a2cc20,,,,none,health and safety,"none, health and safety"
c866aedf-73c7-463a-9eb7-2b79237eacbf,,,,none,none,"none, none"
c89e2e93-f697-4302-ac04-117f9bc8afa8,,,cultural identity,cultural identity,"economic, cultural identity","cultural identity, cultural identity, economic, cultural identity"
c8a07b3c-af29-4c46-ba85-c84b2159d8db,economic,none,,,,"economic, none"
c8b4ce46-a62c-4518-bb5f-f1f198c4554e,economic,none,,,,"economic, none"
c8c269f4-8c19-4e25-9ca1-917a0201ac7a,,,political,political,"political, policy prescription and evaluation, legality_constitutionality_jurisprudence, public opinion, cultural identity","political, political, political, policy prescription and evaluation, legality_constitutionality_jurisprudence, public opinion, cultural identity"
c91146ea-350f-4d5a-9044-6728e5ad4c4f,,,,none,economic,"none, economic"
c97a840e-a6cf-40bc-abb0-8a222f380e42,,,health and safety,,,health and safety
c9d7bb44-02bd-4723-9789-e9bb501e633b,,,,none,cultural identity,"none, cultural identity"
ca2e6983-cc55-45ea-b737-1468e76a930f,none,none,,,,"none, none"
ca7f2125-0925-4822-ba41-0aa4717d58eb,,,health and safety,health and safety,health and safety,"health and safety, health and safety, health and safety"
ca920055-8ae3-40b1-812a-0179da437709,,,,none,"capacity and resources, security and defense, health and safety, economic","none, capacity and resources, security and defense, health and safety, economic"
cb302861-6cbc-4396-822e-9baee3c35ee6,quality of life,quality of life,,,,"quality of life, quality of life"
cc035b4c-f224-43b8-b895-5444a310b817,political,political,political,,,"political, political, political"
cc077d15-75fd-4a82-a3f7-c1d729940a2a,,,"capacity and resources, economic",,,"capacity and resources, economic"
cc46ac44-d8c4-40f4-9839-e6a163fa86fc,,,,"security and defense, morality",public opinion,"security and defense, morality, public opinion"
ccd446b7-6fbc-4310-b34c-6158a9fb18ce,,,none,,,none
cd09b039-4ced-41e0-90bc-4190c07eec7d,public opinion,none,,,,"public opinion, none"
cd15001c-3117-4609-93f4-38f1af8172d0,,,,cultural identity,cultural identity,"cultural identity, cultural identity"
cd3346b7-c97f-4eb4-9a76-5d1032d90369,,,none,,,none
cd6e12ac-aba8-407f-a93e-9e1d747401fd,,,political,,,political
cdd1cd4f-eefa-4ca5-9a6b-1c369a4c1828,,,quality of life,,,quality of life
ce3e1694-2232-44c4-911d-6860ea79e2fb,cultural identity,cultural identity,,,,"cultural identity, cultural identity"
ce4cf2e6-3703-4e0e-a7ef-095ce08a43c6,political,none,,,,"political, none"
cea6d7db-c08d-4bf6-b7ef-9519991758c0,,,quality of life,,,quality of life
ceb6025e-07c2-4b4e-8575-7b6c6391623e,crime and punishment,none,,,,"crime and punishment, none"
ced16478-e9b7-49fc-b652-780a1909265b,,,"policy prescription and evaluation, economic",,,"policy prescription and evaluation, economic"
d01415d1-a0f4-4506-9b0e-261f99032f49,,,,"political, public opinion",public opinion,"political, public opinion, public opinion"
d03a8e3e-98ea-4d8f-95e8-8136abb9c27a,,,,economic,"quality of life, security and defense, policy prescription and evaluation, fairness and equality, legality_constitutionality_jurisprudence, economic","economic, quality of life, security and defense, policy prescription and evaluation, fairness and equality, legality_constitutionality_jurisprudence, economic"
d0c2db81-09b5-4666-9882-795de50955a0,,,security and defense,,,security and defense
d0c42aa6-4545-4692-870d-21fe9e80d08a,political,political,,,,"political, political"
d0cc656f-64c1-4b6a-b602-f53482a09ba6,,,none,none,"quality of life, health and safety, cultural identity","none, none, quality of life, health and safety, cultural identity"
d10fb3d9-7ae6-45d3-8699-0aa5f4bb89fa,economic,quality of life,,,,"economic, quality of life"
d180e64f-200f-40b3-8413-83b5414a1ecd,,,cultural identity,,,cultural identity
d20b85d7-c600-43bc-b95b-7021cc5fd09b,,,quality of life,quality of life,"quality of life, health and safety, public opinion","quality of life, quality of life, quality of life, health and safety, public opinion"
d2fbef46-25bf-4ddb-9c17-b98965a7b86f,health and safety,none,,,,"health and safety, none"
d35d8c24-b61d-4574-a3dc-3878c5bd7014,economic,quality of life,,,,"economic, quality of life"
d372b308-9310-41f0-a78a-acc24b50fa15,,,,capacity and resources,health and safety,"capacity and resources, health and safety"
d40947bf-7398-4603-9306-5feffc4c8f6d,political,none,,,,"political, none"
d4397819-2867-4616-b842-9c7dba3c8697,cultural identity,cultural identity,,,,"cultural identity, cultural identity"
d4b200b8-8bc8-4f4a-b453-43cf7eb0232d,capacity and resources,quality of life,,,,"capacity and resources, quality of life"
d4e99b6c-a8ac-496e-8869-8f80f9c66b7f,,,,capacity and resources,economic,"capacity and resources, economic"
d51f5f14-174a-4718-8a73-f62281ede53c,security and defense,security and defense,,,,"security and defense, security and defense"
d55827ff-beef-478f-ac69-a930b59ee62c,,,,capacity and resources,"security and defense, health and safety, economic","capacity and resources, security and defense, health and safety, economic"
d561196e-ef92-4405-99a2-42ec67d0ad1f,health and safety,none,,,,"health and safety, none"
d571291f-7e8a-414c-8a2d-e296e2020ab8,,,political,,,political
d5848570-f470-4593-9300-3e52c08765e7,political,none,,,,"political, none"
d5a41441-9ce0-4b82-9240-2e07d7e86ab5,none,quality of life,,,,"none, quality of life"
d68214ca-e8ec-46c8-b8d7-1300f49a2ddf,,,none,,,none
d6af6244-5db1-4783-aa40-89a422a1891e,,,none,,,none
d71100c8-85dd-45e4-ae3d-128c1e8ef31e,,,none,none,"quality of life, morality, crime and punishment","none, none, quality of life, morality, crime and punishment"
d7886f9d-f5cf-4ceb-a042-4162632be676,,,cultural identity,,,cultural identity
d7ffe226-e9c0-4881-a6a1-ad4b38e04089,,,,none,none,"none, none"
d83096e6-8b95-4fa8-8b9c-d1b166f5a1fb,political,none,,,,"political, none"
d83c52a3-a37c-40f2-b6ae-185a1c0d75da,none,none,,,,"none, none"
d86542bf-3d3a-4998-a41a-14508a931337,economic,none,quality of life,,,"economic, none, quality of life"
d86fdb74-d824-426d-a87c-061ee58f5c54,,,,economic,economic,"economic, economic"
d8876aa8-2abe-4aad-9db4-cc92bf9d2f31,,,,none,crime and punishment,"none, crime and punishment"
d8ab1b87-6f8d-4508-a557-e3741e0c2b47,none,none,,,,"none, none"
d8e03f91-4584-49cb-83c6-44eaeee5608f,,,,none,none,"none, none"
d8e0af3d-a5ab-437b-a969-291778b75c51,,,cultural identity,cultural identity,"quality of life, economic","cultural identity, cultural identity, quality of life, economic"
d9c91d97-e657-4740-accf-49d099209813,,,,none,none,"none, none"
d9de34fc-7f78-4f87-9604-d44237c83700,security and defense,security and defense,,,,"security and defense, security and defense"
d9f67f74-5d7f-40af-8f82-9a6f07d2559e,,,,economic,economic,"economic, economic"
da80b73a-d742-4825-9b50-2b2ef9d47629,,,none,,,none
daac5ed4-803b-46b9-8f27-76d3bc7e7df1,,,none,,,none
dab432a8-dbfb-4108-ad30-957acc30ce51,,,,health and safety,"policy prescription and evaluation, public opinion, crime and punishment","health and safety, policy prescription and evaluation, public opinion, crime and punishment"
dac58227-3f38-4267-9c7a-a5768f0e5c81,,,none,,,none
dafe4e6a-f8d8-4c00-a3fd-b66135cfbef5,,,none,,,none
db03ae63-2c89-43c6-9e19-ff0bc46ac273,,,,cultural identity,cultural identity,"cultural identity, cultural identity"
db1e0587-d700-44bf-96cb-95bdf65cc3bb,,,,none,none,"none, none"
db21071d-1bbf-4fb4-8e6e-597a45858714,,,,none,"quality of life, health and safety, legality_constitutionality_jurisprudence, economic","none, quality of life, health and safety, legality_constitutionality_jurisprudence, economic"
db743422-24b5-4b2c-8189-974d6bc62d68,,,,none,health and safety,"none, health and safety"
dba81e7b-995c-45fb-af91-05b1ce1cb98a,,,political,,,political
dc53f59e-7c0f-4042-bfdf-c4350dab2fde,,,,none,"quality of life, political, policy prescription and evaluation, fairness and equality, health and safety, legality_constitutionality_jurisprudence, morality, economic, public opinion, cultural identity","none, quality of life, political, policy prescription and evaluation, fairness and equality, health and safety, legality_constitutionality_jurisprudence, morality, economic, public opinion, cultural identity"
dc69abbe-e108-4066-a0ed-fecd64e5d44c,,,crime and punishment,,,crime and punishment
dc6f5beb-7a11-4ccb-8374-d4a6be49f813,,,security and defense,,,security and defense
dc776061-bf4c-4f26-98d3-51cf7482d67c,crime and punishment,crime and punishment,security and defense,,,"crime and punishment, crime and punishment, security and defense"
dc7c82f8-936d-4377-96c2-bacb9fd89eb7,,,,none,"security and defense, health and safety","none, security and defense, health and safety"
dca0cbef-481a-4c85-843f-d14f89042b96,,,,cultural identity,none,"cultural identity, none"
dcbdc670-a740-422a-979d-fe4e0afe7f76,fairness and equality,quality of life,quality of life,,,"fairness and equality, quality of life, quality of life"
dce18cca-7da2-44d3-abc3-937203d9d93a,capacity and resources,none,,,,"capacity and resources, none"
dda3ca6e-c056-4ade-b993-7901c6089370,,,,legality_constitutionality_jurisprudence,political,"legality_constitutionality_jurisprudence, political"
dddd05cd-1c17-4c41-809c-70231e1cb119,,,none,,,none
de0a7bdd-58e7-4631-a6d5-08b6b60046bc,,,,none,cultural identity,"none, cultural identity"
de147e53-677d-41d5-9d73-5b1bad75e0e6,,,"political, public opinion",,,"political, public opinion"
de23e4aa-581b-454b-b36e-5e163d2ef0cf,,,,none,none,"none, none"
de44a7b5-1440-4404-8014-9959677a7229,political,cultural identity,,,,"political, cultural identity"
de4b3b89-3002-41b0-88cd-c76f5fb357e3,,,cultural identity,,,cultural identity
dea2b056-111a-4a74-ac3b-d4e57d7a0356,,,political,,,political
df597d83-01b1-489d-98d4-0e1f58f7d219,,,,none,none,"none, none"
df74721d-e35f-4e1f-b41c-46459195abbe,,,,security and defense,"quality of life, capacity and resources, political, security and defense, economic, public opinion, cultural identity, crime and punishment","security and defense, quality of life, capacity and resources, political, security and defense, economic, public opinion, cultural identity, crime and punishment"
dfc1ef9e-0eb6-4727-97d8-7cd2cae7252a,,,none,,,none
e0a08f20-4621-49b7-8495-2dfbf1cf0113,health and safety,health and safety,,,,"health and safety, health and safety"
e0b75fca-9925-4bea-8293-440c8afcee0a,economic,none,,,,"economic, none"
e1affadb-be26-448a-a24a-f41ca8af5f63,,,,capacity and resources,"quality of life, security and defense","capacity and resources, quality of life, security and defense"
e1e611ea-91a6-421f-8d87-33f4f9a26910,,,none,,,none
e22aa0a2-ebec-4b60-92e9-1c8a51654b25,political,cultural identity,,,,"political, cultural identity"
e24126a4-7273-49b6-90c1-52c89d58250c,public opinion,cultural identity,,,,"public opinion, cultural identity"
e2b337bf-0cd9-470e-bd8d-d976bc9df5ce,,,economic,,,economic
e2ba17f0-299e-414c-9321-e0daf0d2b0c8,health and safety,health and safety,,,,"health and safety, health and safety"
e2f7e54e-90a4-46db-b7de-b370859b094e,,,public opinion,,,public opinion
e3014396-4322-42d8-af04-7426bddb831d,,,cultural identity,,,cultural identity
e3504ec5-8898-4206-b5f0-6a16a00cce91,,,none,,,none
e3a8abf3-ecfc-4b7a-9dff-a594efebb080,,,,morality,"morality, cultural identity","morality, morality, cultural identity"
e3caa6ac-242e-4f35-ac7a-1c92b8a8185b,,,quality of life,,,quality of life
e43bd71b-7d26-4202-b7b4-f32d264dc362,none,none,none,,,"none, none, none"
e443d75c-d2ab-4928-b88e-27de372d7b72,economic,none,,,,"economic, none"
e454ad02-32ac-4a24-9d84-f1259f11eccb,,,,cultural identity,cultural identity,"cultural identity, cultural identity"
e49c1fa9-7d84-4acb-a798-26bfce37dbac,,,,none,"quality of life, economic","none, quality of life, economic"
e4f31705-8bd3-44e3-857d-37c0dba03c75,,,security and defense,,,security and defense
e537d8da-9a2c-4d5a-a440-dd14c36e032e,,,capacity and resources,,,capacity and resources
e53e687e-dc12-4150-b069-6139eba52393,,,cultural identity,,,cultural identity
e5913452-e577-4517-ae4b-21095f549c11,political,none,,,,"political, none"
e5ecf593-c3a6-4b2d-a534-debcaf832f36,,,none,,,none
e64ddafd-43ee-428b-b258-ac07b99bd511,political,political,political,,,"political, political, political"
e72aa796-0af8-4e30-b4e2-8ede039a62f7,,,none,cultural identity,political,"none, cultural identity, political"
e76a129c-a5cb-4b14-9119-6031eff22840,,,"political, public opinion",,,"political, public opinion"
e80c47ed-6c2a-4a3e-a68e-fa6099554115,,,,none,none,"none, none"
e82648d2-7e8f-4b6e-a52b-a6ac23e0cc6c,,,none,none,political,"none, none, political"
e9090195-86c2-4abd-8733-d0953ee95cad,economic,economic,,,,"economic, economic"
e96fa405-fd98-42e7-862f-7a4a45f07998,cultural identity,none,,,,"cultural identity, none"
e9b0fcfd-0197-453e-b23c-b45b5332e557,none,cultural identity,,,,"none, cultural identity"
e9ba324a-9c17-4995-8654-b1dfd3f99747,,,,none,none,"none, none"
ea131653-1867-45a4-a63e-c32fdcecead6,,,,"quality of life, health and safety","quality of life, capacity and resources, security and defense, policy prescription and evaluation, health and safety, legality_constitutionality_jurisprudence, public opinion","quality of life, health and safety, quality of life, capacity and resources, security and defense, policy prescription and evaluation, health and safety, legality_constitutionality_jurisprudence, public opinion"
ea47ee9f-6d38-4f2e-94f3-1e4c102bfd61,,,"political, public opinion",,,"political, public opinion"
ea6e3784-a9f0-4311-b5f7-1d86a7955e73,none,capacity and resources,,,,"none, capacity and resources"
ea83ef97-5a2b-4ec8-8688-8a09f5bb22e2,,,,none,economic,"none, economic"
ea877192-83a3-4b0c-8bd5-67d3eade6b16,,,,none,"quality of life, health and safety","none, quality of life, health and safety"
eb2bd285-3c68-46a4-8cde-ba1f4a1c8167,none,cultural identity,,,,"none, cultural identity"
eb6289f3-988a-4d0b-a6cb-50323a591ecb,,,,none,health and safety,"none, health and safety"
ebbf8bf8-755d-41fb-8287-9d36479b8659,,,"political, public opinion, cultural identity",,,"political, public opinion, cultural identity"
ec0cdad0-2868-445d-8733-455dbb8be8ed,,,,"policy prescription and evaluation, public opinion",security and defense,"policy prescription and evaluation, public opinion, security and defense"
ec1dcfa2-eabb-4b9e-bdb2-774043352cc6,,,none,,,none
ec2a9e73-a38c-4e4f-bb35-dbf9dec5eb29,health and safety,health and safety,,,,"health and safety, health and safety"
ec2cde3e-62e4-47cc-b630-226f9c2c7a12,,,,"health and safety, crime and punishment","health and safety, public opinion, crime and punishment","health and safety, crime and punishment, health and safety, public opinion, crime and punishment"
ec30a88d-f7ea-443e-8270-dfea2f91887c,,,,policy prescription and evaluation,political,"policy prescription and evaluation, political"
ec41e4d8-9a00-4c8a-bd35-14dbafe09fad,economic,none,,,,"economic, none"
ec488d6e-bd11-4729-80f3-a01e820a50b7,,,"health and safety, cultural identity",,,"health and safety, cultural identity"
ec546574-5821-4886-9744-2969b058880d,none,none,,,,"none, none"
ec915493-38c5-4fa1-bfc2-20c463856c92,,,,none,economic,"none, economic"
ec963f93-c490-45f9-a994-dee046907557,crime and punishment,none,,,,"crime and punishment, none"
ecb919d5-ce54-45d3-b45b-c3cf252955b7,,,none,,,none
edff477d-9f33-4c9a-9944-f6317175a35b,,,security and defense,,,security and defense
ee22dc9d-1519-433c-acad-a1cc2720560e,political,"political, policy prescription and evaluation",,,,"political, political, policy prescription and evaluation"
eed233d0-9913-48bf-a105-4bc0278c2e27,,,,morality,"quality of life, security and defense, health and safety, economic","morality, quality of life, security and defense, health and safety, economic"
eef8a72a-eadc-42d1-b21f-a17d1233aadc,,,none,,,none
ef0ab82e-bd64-42a8-82bf-8bc6822b6af5,,,"capacity and resources, security and defense, cultural identity",,,"capacity and resources, security and defense, cultural identity"
ef1802b1-c801-4659-9d4c-b6571d4e6a28,cultural identity,cultural identity,,,,"cultural identity, cultural identity"
ef25a665-419f-440d-944e-0da86e008623,,,none,political,political,"none, political, political"
ef3c1cc5-956e-454f-9563-1a5651f9bf48,,,,none,political,"none, political"
ef983c93-4623-4858-b934-032ad3b45f17,cultural identity,none,,,,"cultural identity, none"
efbcaf63-a88d-4212-bc3d-571afa1fecce,,,none,none,"capacity and resources, economic","none, none, capacity and resources, economic"
f0195d70-8922-4421-b388-032569a4fa80,,,,public opinion,public opinion,"public opinion, public opinion"
f02f1b16-fc20-4f5a-a390-b8df64243240,,,"fairness and equality, morality, public opinion",,,"fairness and equality, morality, public opinion"
f0c52a1a-58af-40d2-a5b5-08782c67f2e9,,,,capacity and resources,"quality of life, political, public opinion","capacity and resources, quality of life, political, public opinion"
f1b472c0-9150-4d5e-853d-096fa926312c,economic,none,,,,"economic, none"
f1ce6d8e-c3c3-4c1f-bebf-437f48063413,political,political,none,,,"political, political, none"
f204ef8e-3388-4cdb-b1dc-61e1ff4875cf,,,policy prescription and evaluation,,,policy prescription and evaluation
f281c190-3675-4bc0-919f-66009078116f,none,none,,,,"none, none"
f2f313ec-665c-435f-8a75-79c83039cd4e,,,none,health and safety,"quality of life, economic","none, health and safety, quality of life, economic"
f2fb580e-4aee-49c4-ac1b-00171c88e967,,,,none,quality of life,"none, quality of life"
f2ff920b-a9a2-49e1-a36d-7d3ead84a9b4,,,political,,,political
f3711190-6cc2-4896-aa39-64437be78280,,,,political,"capacity and resources, political, security and defense, policy prescription and evaluation, fairness and equality, health and safety, legality_constitutionality_jurisprudence, morality, economic, public opinion, cultural identity, external regulation and reputation, crime and punishment","political, capacity and resources, political, security and defense, policy prescription and evaluation, fairness and equality, health and safety, legality_constitutionality_jurisprudence, morality, economic, public opinion, cultural identity, external regulation and reputation, crime and punishment"
f3fc6354-2d74-4cbb-aeef-2b0f20613456,,,none,,,none
f4d73d03-159a-499e-8040-c6da3cf006ec,quality of life,none,,,,"quality of life, none"
f4e255e7-0da2-48e1-84dc-72c21483f5df,security and defense,security and defense,,,,"security and defense, security and defense"
f5213cdf-f47f-4fd4-add4-4f2b53a4072b,,,none,none,health and safety,"none, none, health and safety"
f5511a5f-3e8b-42ba-a25e-3f69f4676629,,,,quality of life,morality,"quality of life, morality"
f5f99e73-51c6-4c7e-9adc-2b9dc9a7ceaa,legality_constitutionality_jurisprudence,"legality_constitutionality_jurisprudence, crime and punishment",,,,"legality_constitutionality_jurisprudence, legality_constitutionality_jurisprudence, crime and punishment"
f61dcdcc-6407-40fd-8d0c-a96e39890e93,quality of life,capacity and resources,none,,,"quality of life, capacity and resources, none"
f61fa0b0-97de-4d54-b0e3-d5de43e3b613,,,political,,,political
f671d1d4-e51a-4629-8812-12695f46039f,,,,none,cultural identity,"none, cultural identity"
f67b5f0c-5ae1-42c4-a2f8-796b875a872a,,,"political, policy prescription and evaluation, external regulation and reputation",,,"political, policy prescription and evaluation, external regulation and reputation"
f6c5bbb4-d7a8-4d01-948c-8620ef98379f,,,none,,,none
f724ce69-9bd3-4ea6-9647-47e02f871df4,,,,none,health and safety,"none, health and safety"
f7a9148a-5900-4a26-babc-b02fa400783f,,,cultural identity,,,cultural identity
f7abbf03-5096-452a-8d85-178b881ff30b,political,none,,,,"political, none"
f7af44f0-1442-4859-b238-499c36b748f6,,,none,,,none
f7b3c499-39d9-4c69-809a-cc1410ebaae1,,,,none,public opinion,"none, public opinion"
f8a9e31d-d8c7-4986-bd61-50facd63859a,public opinion,"fairness and equality, public opinion",,,,"public opinion, fairness and equality, public opinion"
f8ae45f7-8cc6-4e61-892c-020b6ac43e35,capacity and resources,none,,,,"capacity and resources, none"
f8cb16c7-5108-4695-ac26-599565a429ae,,,,"quality of life, cultural identity","quality of life, economic, public opinion","quality of life, cultural identity, quality of life, economic, public opinion"
f938cc2d-d5ab-4555-8cda-8b1c903664cb,,,,"morality, cultural identity",cultural identity,"morality, cultural identity, cultural identity"
f939498e-9d37-4d18-80d1-32cb7b9a7c51,,,,none,quality of life,"none, quality of life"
f97ac8a8-72cb-4ed5-a6a8-08be5236867b,political,"political, crime and punishment",,,,"political, political, crime and punishment"
f97e977b-6f8f-4224-915c-9745a100149b,fairness and equality,health and safety,,,,"fairness and equality, health and safety"
f9a2416a-35a3-486f-b333-37d34ad222b6,none,none,,,,"none, none"
f9c8f034-ea91-46c9-bb66-5128eaa02c44,,,,"health and safety, crime and punishment",economic,"health and safety, crime and punishment, economic"
f9fed5b8-1672-4f5a-bddd-964b998d1ff0,,,,quality of life,"quality of life, health and safety","quality of life, quality of life, health and safety"
fa112109-b3b6-4a40-aced-80713f97d7f4,,,,health and safety,"capacity and resources, security and defense, health and safety, legality_constitutionality_jurisprudence, morality, economic, public opinion","health and safety, capacity and resources, security and defense, health and safety, legality_constitutionality_jurisprudence, morality, economic, public opinion"
fa171457-9ad5-48f1-b730-cb8e4448ab7f,,,none,,,none
fa6026a8-3012-4740-84e9-6e09c8a4731d,,,,political,"quality of life, capacity and resources, political, security and defense, policy prescription and evaluation, fairness and equality, health and safety, legality_constitutionality_jurisprudence, morality, economic, public opinion, cultural identity, external regulation and reputation, crime and punishment","political, quality of life, capacity and resources, political, security and defense, policy prescription and evaluation, fairness and equality, health and safety, legality_constitutionality_jurisprudence, morality, economic, public opinion, cultural identity, external regulation and reputation, crime and punishment"
fa8c8fd5-18bc-469f-a071-2162412dbca1,,,none,,,none
faeb26b2-996a-4511-94e5-441c6494097d,,,political,political,political,"political, political, political"
fb3b4cc1-06c4-4a8b-b501-6dd9d7cf03b4,,,,quality of life,"political, security and defense, fairness and equality, legality_constitutionality_jurisprudence, morality, economic, public opinion, crime and punishment","quality of life, political, security and defense, fairness and equality, legality_constitutionality_jurisprudence, morality, economic, public opinion, crime and punishment"
fbe1b835-2c23-449e-9167-2b93c2e5d0a7,political,"quality of life, capacity and resources",,,,"political, quality of life, capacity and resources"
fbeb92eb-399c-417d-97ca-b2e3be488ffb,,,,none,"quality of life, cultural identity","none, quality of life, cultural identity"
fc228953-68c5-4da9-9930-86aa823ef1bd,political,"political, public opinion",,,,"political, political, public opinion"
fd26d138-2ba5-45bb-96b2-ac14975c64f7,,,,none,"health and safety, economic, public opinion, cultural identity","none, health and safety, economic, public opinion, cultural identity"
fd51647a-1382-4f1f-9772-ff47a743b56a,,,"political, external regulation and reputation",,,"political, external regulation and reputation"
fd580e73-8163-40a9-a8f3-b54cc6ecca3e,political,security and defense,,,,"political, security and defense"
fdb184e5-34c6-4433-b0f6-a3881d1fa627,political,quality of life,,,,"political, quality of life"
fe16efd1-e103-451d-8c84-0cfaa4112812,public opinion,public opinion,,,,"public opinion, public opinion"
fe7518ad-4df0-4867-80db-c899478668c2,,,,none,health and safety,"none, health and safety"
fe86d7c0-7f71-4721-9fc2-68453c68df7a,,,"policy prescription and evaluation, external regulation and reputation",,,"policy prescription and evaluation, external regulation and reputation"
ff2efb77-74bb-4396-ba6f-5c2e7286296e,,,,"quality of life, political","capacity and resources, political, legality_constitutionality_jurisprudence, economic, public opinion, cultural identity","quality of life, political, capacity and resources, political, legality_constitutionality_jurisprudence, economic, public opinion, cultural identity"
ffd17f95-9c47-4518-b87c-3ea40fcc345d,,,political,political,political,"political, political, political"
